text,clean_text,intent,source
jm brp storenya tutup kak?,jm brp storenya tutup kak,lainnya,master_wa
"Bang, kalau misal Nye maseh ngefreeze padahal dah di matikan Intel uhd ye gimane la bang i",bang kalau misal nye maseh ngefreeze padahal dah di matikan intel uhd ye gimane la bang i,lainnya,master_wa
Yg kabel penyambung nye tdik tuu bang,yg kabel penyambung nye tdik tuu bang,lainnya,master_wa
kapan ya bnag baru selesai,kapan ya bnag baru selesai,lainnya,kuesioner_dialek
Jadi harus gmn bang?,jadi harus gmn bang,lainnya,master_wa
tes,tes,lainnya,master_wa
Tetap 700 gak kurang juga,tetap gak kurang juga,lainnya,master_wa
bs po ndk bang,bs po ndk bang,lainnya,master_wa
Bise nego ndak tu kak?,bise nego ndak tu kak,lainnya,kuesioner_dialek
Pas 600 bise ke bang?,pas bise ke bang,lainnya,kuesioner_dialek
Apa ya kira2 kendalanya bg,apa ya kira kendalanya bg,lainnya,master_wa
Saya mau ambil file di dalamnya bang,saya mau ambil file di dalamnya bang,lainnya,master_wa
Bang kalo prosecor nya dibetulin nggak bisa juga ya?,bang kalo prosecor nya dibetulin nggak bisa juga ya,lainnya,master_wa
Ms word bisa di update ndk?,ms word bisa di update ndk,lainnya,master_wa
brapa bg,brapa bg,lainnya,master_wa
ohh instal laptop kmren brp ya bg,ohh instal laptop kmren brp ya bg,lainnya,master_wa
Yallah e,yallah e,lainnya,master_wa
Sekali no rek ya bang,sekali no rek ya bang,lainnya,master_wa
Owh Iya Bg,owh iya bg,lainnya,master_wa
jangan bang,jangan bang,lainnya,master_wa
kira” brp ya bg btlkn ny,kira brp ya bg btlkn ny,lainnya,master_wa
Bang kalau memang processor yang rusak bisa di betulkan kah bang? Berape la kalau betulkan Nye tu ye,bang kalau memang processor yang rusak bisa di betulkan kah bang berape la kalau betulkan nye tu ye,lainnya,master_wa
Kenapa bisa begitu ya bang? Sebelumnya masi normal,kenapa bisa begitu ya bang sebelumnya masi normal,lainnya,master_wa
Sanen Jak sy ambek ih,sanen jak sy ambek ih,lainnya,master_wa
Ndak bise turun ke hargenye bang?,ndak bise turun ke hargenye bang,lainnya,kuesioner_dialek
Yg ngantarkan tu kawan saye bodo bengak2 ubi,yg ngantarkan tu kawan saye bodo bengak ubi,lainnya,master_wa
"Bg, saya ambil laptop sore hr ini ya. Dkt² magrib kek nya",bg saya ambil laptop sore hr ini ya dkt magrib kek nya,lainnya,master_wa
min adakah ready laptop yang budgetnye 4-5 jutaan,min adakah ready laptop yang budgetnye jutaan,lainnya,master_wa
Bg kureng sikit bise lah ye?,bg kureng sikit bise lah ye,lainnya,kuesioner_dialek
Bisa dicek gak.,bisa dicek gak,lainnya,master_wa
Jujur angkanya sedikit di atas anggaran yang saya siapkan. Apakah masih ada ruang untuk diskon atau negosiasi harga,jujur angkanya sedikit di atas anggaran yang saya siapkan apakah masih ada ruang untuk diskon atau negosiasi harga,lainnya,kuesioner_dialek
Pas 600 bise ke bang?,pas bise ke bang,lainnya,kuesioner_dialek
"Duh, ternyata harga laptop baru gak beda jauh, gak jadi ya kak",duh ternyata harga laptop baru gak beda jauh gak jadi ya kak,lainnya,master_wa
Buka setiap hari k bang?,buka setiap hari k bang,lainnya,master_wa
Bisa ga di aave,bisa ga di aave,lainnya,master_wa
msih,msih,lainnya,master_wa
waalaikumsalam,waalaikumsalam,lainnya,master_wa
Pagi bg,pagi bg,lainnya,master_wa
Yaudahh bg saya ambil aja laptop nya,yaudahh bg saya ambil aja laptop nya,lainnya,master_wa
Bisa diambil malam ini jam berapa ya paling malam?,bisa diambil malam ini jam berapa ya paling malam,lainnya,master_wa
Bise nego sikit ke bg biar pas gitu hargenye?,bise nego sikit ke bg biar pas gitu hargenye,lainnya,kuesioner_dialek
reskyka syahria,reskyka syahria,lainnya,master_wa
Sya pikir2 dlu bang,sya pikir dlu bang,lainnya,master_wa
iyaa bang konfirmasi lagi yaa,iyaa bang konfirmasi lagi yaa,lainnya,master_wa
ad bang makasih ya,ad bang makasih ya,lainnya,master_wa
Krm lwt dana no 087753659474 bang,krm lwt dana no bang,lainnya,master_wa
Jd udh ndk bs d selamat kan lg laptopnya bng?,jd udh ndk bs d selamat kan lg laptopnya bng,lainnya,master_wa
"Siap, ditunggu infonya",siap ditunggu infonya,lainnya,master_wa
Jadi udah bisa ya kk?,jadi udah bisa ya kk,lainnya,master_wa
apa semua nya sma,apa semua nya sma,lainnya,master_wa
permisi bang,permisi bang,lainnya,master_wa
tokooo tutup jam brpaa yaa minn,tokooo tutup jam brpaa yaa minn,lainnya,kuesioner_dialek
Acer a314-21 min,acer a min,lainnya,master_wa
Iya bg,iya bg,lainnya,master_wa
Kmren ga bisa di save,kmren ga bisa di save,lainnya,master_wa
bisa tukar tambah ga ya bg😁,bisa tukar tambah ga ya bg,lainnya,master_wa
"Laptop saye ndk mau hidup bang
Setelah di restart die ndk mau idup
Tpi kipas nye bunyi nyaring",laptop saye ndk mau hidup bang setelah di restart die ndk mau idup tpi kipas nye bunyi nyaring,lainnya,master_wa
"Untuk LCD nya, ngaruh ngak Bang, klo mau pake laptopnya?",untuk lcd nya ngaruh ngak bang klo mau pake laptopnya,lainnya,master_wa
"Oalah ,hri ini sy kesana bg",oalah hri ini sy kesana bg,lainnya,master_wa
kalau dikosongin aja bisa ga itu ya bg,kalau dikosongin aja bisa ga itu ya bg,lainnya,master_wa
Alamat lengkapnye di jalan ape ye bang?,alamat lengkapnye di jalan ape ye bang,lainnya,kuesioner_dialek
sip bang,sip bang,lainnya,master_wa
"Mahal gak ye, nd bise kurng ke min",mahal gak ye nd bise kurng ke min,lainnya,kuesioner_dialek
File kuliah tk bg kayak pdf ape tu😫😭,file kuliah tk bg kayak pdf ape tu,lainnya,master_wa
Terimakasih yaa kk informasinyaa🙏🏻,terimakasih yaa kk informasinyaa,lainnya,master_wa
Alamat lengkapnye di jalan ape ye bang?,alamat lengkapnye di jalan ape ye bang,lainnya,kuesioner_dialek
info jak ye kalau udh selesai,info jak ye kalau udh selesai,lainnya,master_wa
Halo untuk hargenye bise nd ye bang dikurang kurang lagi. karne saye kire kerusakan di lcd nye nda separah itu. mohon pengertiannye bang,halo untuk hargenye bise nd ye bang dikurang kurang lagi karne saye kire kerusakan di lcd nye nda separah itu mohon pengertiannye bang,lainnya,kuesioner_dialek
Owh sipp bg,owh sipp bg,lainnya,master_wa
Bntar yee bang saye kesitu,bntar yee bang saye kesitu,lainnya,master_wa
Kalau pake windows 11 masih nda die ye bang,kalau pake windows masih nda die ye bang,lainnya,master_wa
Gimana Progress sekarang bang,gimana progress sekarang bang,lainnya,master_wa
Iye bang,iye bang,lainnya,master_wa
Kalau bise cepat saye bayar lebih bg 😁🙏,kalau bise cepat saye bayar lebih bg,lainnya,master_wa
yg putih bise bang,yg putih bise bang,lainnya,master_wa
ohhhh,ohhhh,lainnya,master_wa
Bg,bg,lainnya,master_wa
"Waalaikumsalam Balik dari kuliah bisa kah saya ambil ,di jam 12 atau 1an gitu lah",waalaikumsalam balik dari kuliah bisa kah saya ambil di jam atau an gitu lah,lainnya,master_wa
"800, bisa nd bang",bisa nd bang,lainnya,kuesioner_dialek
jadii itu ga ngaruh ke local disk C kan bang,jadii itu ga ngaruh ke local disk c kan bang,lainnya,master_wa
"Duh, ternyata harga laptop baru gak beda jauh, gak jadi ya kak",duh ternyata harga laptop baru gak beda jauh gak jadi ya kak,lainnya,master_wa
bang malam bisa kan ambilnya,bang malam bisa kan ambilnya,lainnya,master_wa
Emang udah rusak kybord nya suka error,emang udah rusak kybord nya suka error,lainnya,master_wa
Bg lokasi tokonye bise di shareloc ndak?,bg lokasi tokonye bise di shareloc ndak,lainnya,kuesioner_dialek
Ohhh ga bisa yaa bang,ohhh ga bisa yaa bang,lainnya,master_wa
bg kirim no rek,bg kirim no rek,lainnya,master_wa
"Mlm kk, mau nnya kk. Laptop yg td kmi antar (dell) atas nama Nauli udh selesai di cek kn kah kk?",mlm kk mau nnya kk laptop yg td kmi antar dell atas nama nauli udh selesai di cek kn kah kk,lainnya,master_wa
Bise nego ndak tu kak?,bise nego ndak tu kak,lainnya,kuesioner_dialek
MLM saya ambil ya,mlm saya ambil ya,lainnya,master_wa
Data nya ilang ga klo instal ulang?,data nya ilang ga klo instal ulang,lainnya,master_wa
Berapa totalnya kak,berapa totalnya kak,lainnya,master_wa
Buka jam brp ?,buka jam brp,lainnya,master_wa
dengan layar nye juga ye bg,dengan layar nye juga ye bg,lainnya,master_wa
Kak hargenye bise digoyang sikit ndak?,kak hargenye bise digoyang sikit ndak,lainnya,kuesioner_dialek
Semoga bs sembuh bng y,semoga bs sembuh bng y,lainnya,master_wa
Bang untuk pembayaran nya bisa tf engak?,bang untuk pembayaran nya bisa tf engak,lainnya,master_wa
Lamak ndak bg prosesnye?,lamak ndak bg prosesnye,lainnya,kuesioner_dialek
Sepertinya semua bang,sepertinya semua bang,lainnya,master_wa
Udah yaa bg,udah yaa bg,lainnya,master_wa
maksud saya minta instal kan ke windows pas laptop saya sebelum di install,maksud saya minta instal kan ke windows pas laptop saya sebelum di install,lainnya,master_wa
Bg,bg,lainnya,master_wa
Gimana kondisi nya,gimana kondisi nya,lainnya,master_wa
Udah bise download ke bg,udah bise download ke bg,lainnya,master_wa
Agak sorean ya bang saya ambilnya,agak sorean ya bang saya ambilnya,lainnya,master_wa
nanti saya ambil,nanti saya ambil,lainnya,master_wa
keyboard nya,keyboard nya,lainnya,master_wa
berarti udh gak timbul lagi kan,berarti udh gak timbul lagi kan,lainnya,master_wa
Bg bisa tf?,bg bisa tf,lainnya,master_wa
Kak lokasi pastinya di belah mane ye?,kak lokasi pastinya di belah mane ye,lainnya,kuesioner_dialek
Bg bukak dari jam berape besok?,bg bukak dari jam berape besok,lainnya,kuesioner_dialek
terimakasih kak,terimakasih kak,lainnya,master_wa
setelah matkul saya bawa ya bg,setelah matkul saya bawa ya bg,lainnya,master_wa
Info aja bg kalau ada laptop yg harga 2 juta ya,info aja bg kalau ada laptop yg harga juta ya,lainnya,master_wa
Bearti masalah laptopnya di processor ya,bearti masalah laptopnya di processor ya,lainnya,master_wa
Bang laptop saya gimna?,bang laptop saya gimna,lainnya,master_wa
Laptopnya,laptopnya,lainnya,master_wa
Alhamdulillah syukurlah kak klo bgitu🥹,alhamdulillah syukurlah kak klo bgitu,lainnya,master_wa
iya kak,iya kak,lainnya,master_wa
Kan tk pernah d sentoh dri abg betulkan kmren tu,kan tk pernah d sentoh dri abg betulkan kmren tu,lainnya,master_wa
mau minta tolong liatkan lagi,mau minta tolong liatkan lagi,lainnya,master_wa
buka sampai jam berapa bang,buka sampai jam berapa bang,lainnya,master_wa
Td saye taruh dstu si bg,td saye taruh dstu si bg,lainnya,master_wa
gausah kalik ya cmn 1 doang,gausah kalik ya cmn doang,lainnya,master_wa
Malam kak,malam kak,lainnya,master_wa
bg kenapa laptop gini lagi ya,bg kenapa laptop gini lagi ya,lainnya,master_wa
gpp,gpp,lainnya,master_wa
Aku ambil aja bang,aku ambil aja bang,lainnya,master_wa
"bang kemarin pas adik saya buka laptop touchpadny gabisa pake,kenapa ya?",bang kemarin pas adik saya buka laptop touchpadny gabisa pakekenapa ya,lainnya,master_wa
Pengerjaan nya,pengerjaan nya,lainnya,master_wa
Kalau udh tf nanti saye kirimkan bukti nye bang,kalau udh tf nanti saye kirimkan bukti nye bang,lainnya,master_wa
tokooo tutup jam brpaa yaa minn,tokooo tutup jam brpaa yaa minn,lainnya,kuesioner_dialek
Di keluarin aja,di keluarin aja,lainnya,master_wa
Bg saye ndk bwa nota ni ndk ape ke ngambek e,bg saye ndk bwa nota ni ndk ape ke ngambek e,lainnya,master_wa
Makasi bang,makasi bang,lainnya,master_wa
Tf kmna bg?,tf kmna bg,lainnya,master_wa
Berapa semuanya ongkosnya bang,berapa semuanya ongkosnya bang,lainnya,master_wa
skrg masih buka kh bng,skrg masih buka kh bng,lainnya,master_wa
malam ya,malam ya,lainnya,master_wa
Alaaa bangg,alaaa bangg,lainnya,master_wa
gmn maksud ny tu bg?,gmn maksud ny tu bg,lainnya,master_wa
Bg apakah sudah bisa di ambil?,bg apakah sudah bisa di ambil,lainnya,master_wa
Tes kak,tes kak,lainnya,master_wa
Jdi gmne,jdi gmne,lainnya,master_wa
Nda ade saye ape2 kan padahal,nda ade saye ape kan padahal,lainnya,master_wa
bisa nego ga kk,bisa nego ga kk,lainnya,master_wa
Permisi bang,permisi bang,lainnya,master_wa
Sya pikir2 dlu bu,sya pikir dlu bu,lainnya,master_wa
Bang saya ambil hari minggu atau senin ya bang soal ny lagi ndk ada di ponti,bang saya ambil hari minggu atau senin ya bang soal ny lagi ndk ada di ponti,lainnya,master_wa
laptop udah k bang,laptop udah k bang,lainnya,master_wa
Kalau instal ulang nda hilangkan file’nye bg,kalau instal ulang nda hilangkan filenye bg,lainnya,master_wa
"Sbntr ya, sdh di ayani",sbntr ya sdh di ayani,lainnya,master_wa
Bang mun nak betolkan laptop kire-kire sampai jam berape?,bang mun nak betolkan laptop kirekire sampai jam berape,lainnya,kuesioner_dialek
waalaikumsalam,waalaikumsalam,lainnya,master_wa
Bisa kurang gak kak?,bisa kurang gak kak,lainnya,master_wa
Harganye tak bise kurang sikit ke bg?,harganye tak bise kurang sikit ke bg,lainnya,kuesioner_dialek
"sip, tolong sekali ye bg 🙏🏻🙏🏻🙏🏻",sip tolong sekali ye bg,lainnya,master_wa
Id upgrade Jak bg,id upgrade jak bg,lainnya,master_wa
"Bg nnti info ye bg kalau udah.
Saye yg tadi nih bg",bg nnti info ye bg kalau udah saye yg tadi nih bg,lainnya,master_wa
kl tinggal 27 itu pemakaian masih brp lama bang,kl tinggal itu pemakaian masih brp lama bang,lainnya,master_wa
misi bang,misi bang,lainnya,master_wa
"Mahal gak ye, nd bise kurng ke min",mahal gak ye nd bise kurng ke min,lainnya,kuesioner_dialek
Nggak bisa ya berarti,nggak bisa ya berarti,lainnya,master_wa
Berapa lama biasenye ngerjekan itu bang?,berapa lama biasenye ngerjekan itu bang,lainnya,kuesioner_dialek
Brp casingnya,brp casingnya,lainnya,master_wa
Baterainya gak bisa dicas,baterainya gak bisa dicas,lainnya,master_wa
Ngerjekannye berape ari bang?,ngerjekannye berape ari bang,lainnya,kuesioner_dialek
agak sorean nnti ya kk,agak sorean nnti ya kk,lainnya,master_wa
jdi mslah ny ap bang biaya ny brpa,jdi mslah ny ap bang biaya ny brpa,lainnya,master_wa
yg proposal penelitian lada jak,yg proposal penelitian lada jak,lainnya,master_wa
iyaa kak,iyaa kak,lainnya,master_wa
Cman d pencet gtu jk k bng,cman d pencet gtu jk k bng,lainnya,master_wa
"800, bisa nd bang",bisa nd bang,lainnya,kuesioner_dialek
Permisi,permisi,lainnya,master_wa
550 berati ya,berati ya,lainnya,master_wa
ayamayam,ayamayam,lainnya,master_wa
kl sudah ada infonya kabarin ya kak,kl sudah ada infonya kabarin ya kak,lainnya,master_wa
0987 bang,bang,lainnya,master_wa
Kurengkan sikit bah bang hargenye,kurengkan sikit bah bang hargenye,lainnya,kuesioner_dialek
Bg hargenye bise dipaskan agik ndak?,bg hargenye bise dipaskan agik ndak,lainnya,kuesioner_dialek
"Baru gitu kah bg depannya, nda pakai yang patah itu lagi ya bg ? Oke bg,  ntr saya nanya ortu dulu ya bg Jadi kalau dengan cas ni 650 ya bg Ini nda bisa kurang lagi kah bg",baru gitu kah bg depannya nda pakai yang patah itu lagi ya bg oke bg ntr saya nanya ortu dulu ya bg jadi kalau dengan cas ni ya bg ini nda bisa kurang lagi kah bg,lainnya,suplemen_manual
Potong 50 ribu bise lah ye bang?,potong ribu bise lah ye bang,lainnya,kuesioner_dialek
"bg kn kmrn saya nd pakai laptop sy trs pas baru saya pakai hri ini die tu tetap blue screen bg, nah itu tu knp ya",bg kn kmrn saya nd pakai laptop sy trs pas baru saya pakai hri ini die tu tetap blue screen bg nah itu tu knp ya,lainnya,master_wa
selesai ibadah saya ambil,selesai ibadah saya ambil,lainnya,master_wa
Iye bang,iye bang,lainnya,master_wa
sudah bnv,sudah bnv,lainnya,master_wa
Bise nego ndak tu kak?,bise nego ndak tu kak,lainnya,kuesioner_dialek
Ndak bise turun ke hargenye bang?,ndak bise turun ke hargenye bang,lainnya,kuesioner_dialek
soalny dikapuas hulu bang,soalny dikapuas hulu bang,lainnya,master_wa
Gada bang hm,gada bang hm,lainnya,master_wa
Bise potong harga ndak pak?,bise potong harga ndak pak,lainnya,kuesioner_dialek
bg ad biaya tambahan gk,bg ad biaya tambahan gk,lainnya,master_wa
kira-kira udahnya berapa lama ni kak?,kirakira udahnya berapa lama ni kak,lainnya,kuesioner_dialek
"BEGIN:VCARD
VERSION:3.0
N:;Brother Pai;;;
FN:Brother Pai 
TEL;type=CELL;type=VOICE;waid=6281156701235:+62 811-5670-1235
END:VCARD",beginvcard version nbrother pai fnbrother pai teltypecelltypevoicewaid endvcard,lainnya,master_wa
Instal ulang brp bang?,instal ulang brp bang,lainnya,master_wa
Tutup jam brp,tutup jam brp,lainnya,master_wa
dikirim aja,dikirim aja,lainnya,master_wa
Pak estimasi beresnye kire-kire lamak tak?,pak estimasi beresnye kirekire lamak tak,lainnya,kuesioner_dialek
"Bng, gmn lptop sy",bng gmn lptop sy,lainnya,master_wa
Kak lokasi pastinya di belah mane ye?,kak lokasi pastinya di belah mane ye,lainnya,kuesioner_dialek
Bang untuk pengecas nye tu Ade endk sekalian jual penyambung nye tu,bang untuk pengecas nye tu ade endk sekalian jual penyambung nye tu,lainnya,master_wa
gabisa juga bang,gabisa juga bang,lainnya,master_wa
bise dibenarkan nd bg laptopnye,bise dibenarkan nd bg laptopnye,lainnya,master_wa
permisi kak,permisi kak,lainnya,master_wa
"Katanya udh dibongkar BG, soalnya segelnya dh kebuka?",katanya udh dibongkar bg soalnya segelnya dh kebuka,lainnya,master_wa
Iya bang,iya bang,lainnya,master_wa
brp bang kalau keyboard,brp bang kalau keyboard,lainnya,master_wa
ada biaya tambahan lg kah,ada biaya tambahan lg kah,lainnya,master_wa
Tadi gak keburu jdi krja dulu,tadi gak keburu jdi krja dulu,lainnya,master_wa
Kira-kira berapa hari tu kak?,kirakira berapa hari tu kak,lainnya,kuesioner_dialek
Berapa lama biasenye ngerjekan itu bang?,berapa lama biasenye ngerjekan itu bang,lainnya,kuesioner_dialek
ntr kalau mau ambil saya kabarin ya kak,ntr kalau mau ambil saya kabarin ya kak,lainnya,master_wa
Di titip di sana aja dl.. Gpp kan,di titip di sana aja dl gpp kan,lainnya,master_wa
"halo kak, waktunya berapa hari ya kak kira kira?",halo kak waktunya berapa hari ya kak kira kira,lainnya,master_wa
Masih lama kah download nya bang,masih lama kah download nya bang,lainnya,master_wa
Iya,iya,lainnya,master_wa
Ngerjekannye berape ari bang?,ngerjekannye berape ari bang,lainnya,kuesioner_dialek
Hari minggu buka ga tempat nya?,hari minggu buka ga tempat nya,lainnya,master_wa
Iya bang,iya bang,lainnya,master_wa
buka sampai jam brp min,buka sampai jam brp min,lainnya,kuesioner_dialek
Masih suke mati k?,masih suke mati k,lainnya,master_wa
Owh gituu,owh gituu,lainnya,master_wa
bg saya tf byr ny,bg saya tf byr ny,lainnya,master_wa
Tibe2 bise die,tibe bise die,lainnya,master_wa
bang jam berapa tutup ?,bang jam berapa tutup,lainnya,master_wa
Indra dari jabacom,indra dari jabacom,lainnya,master_wa
sip,sip,lainnya,master_wa
bang laptop tadi gaada sandi kan,bang laptop tadi gaada sandi kan,lainnya,master_wa
Bang,bang,lainnya,master_wa
Jam 9 saye plg bg..mungkin smpai di stu jam 9 lewat gtu bg..,jam saye plg bgmungkin smpai di stu jam lewat gtu bg,lainnya,master_wa
Mau bang,mau bang,lainnya,master_wa
Ye,ye,lainnya,master_wa
650 ya,ya,lainnya,master_wa
Untuk nyimpan file aja jga sih,untuk nyimpan file aja jga sih,lainnya,master_wa
Buka sampe jam berapa bg,buka sampe jam berapa bg,lainnya,master_wa
gapapa,gapapa,lainnya,master_wa
Sampai jam berape biase selese tu?,sampai jam berape biase selese tu,lainnya,kuesioner_dialek
Turunkan sikit bise lah bang hargenye?,turunkan sikit bise lah bang hargenye,lainnya,kuesioner_dialek
"keyboard nye saye benarkan bang, kalau saye tukar tambah dngn laptop yg 2.500 nambah brp kire kire bang?",keyboard nye saye benarkan bang kalau saye tukar tambah dngn laptop yg nambah brp kire kire bang,lainnya,master_wa
bntr ye bang maaf sy tnya ibu sy dlu🙏🏻,bntr ye bang maaf sy tnya ibu sy dlu,lainnya,master_wa
Berapa lama biasenye ngerjekan itu bang?,berapa lama biasenye ngerjekan itu bang,lainnya,kuesioner_dialek
wa nya jak yang dak bise,wa nya jak yang dak bise,lainnya,master_wa
kalo service baterai laptop asus bisa min?,kalo service baterai laptop asus bisa min,lainnya,master_wa
Tapi di laptop lain mau,tapi di laptop lain mau,lainnya,master_wa
Bg nnti malam bukak ndak?,bg nnti malam bukak ndak,lainnya,kuesioner_dialek
Ngape wa nye nda bise di buka ke,ngape wa nye nda bise di buka ke,lainnya,master_wa
Bise nego ndak tu kak?,bise nego ndak tu kak,lainnya,kuesioner_dialek
misi bang udah selesai kah bang ?,misi bang udah selesai kah bang,lainnya,master_wa
Udah bisa di ambil kah bg laptop nya?,udah bisa di ambil kah bg laptop nya,lainnya,master_wa
Alamat lengkapnye di jalan ape ye bang?,alamat lengkapnye di jalan ape ye bang,lainnya,kuesioner_dialek
Jam 5 saya otw kesana bg,jam saya otw kesana bg,lainnya,master_wa
"siap kak, nnti balik kesini lagi saya ambil nya kk",siap kak nnti balik kesini lagi saya ambil nya kk,lainnya,master_wa
Jadi ape Nye lah bang,jadi ape nye lah bang,lainnya,master_wa
Siap bg,siap bg,lainnya,master_wa
"Anda belum memiliki aplikasi myIM3 untuk mengaktifkan perlindungan Anti Spam dan Scam dari SATSPAM+. Harap mendownload aplikasi myIM3 untuk mengaktifkan layanan, tanpa biaya apapun.",anda belum memiliki aplikasi myim untuk mengaktifkan perlindungan anti spam dan scam dari satspam harap mendownload aplikasi myim untuk mengaktifkan layanan tanpa biaya apapun,lainnya,master_wa
Ram nya Cuma 2,ram nya cuma,lainnya,master_wa
Yg ini🙏🏻,yg ini,lainnya,master_wa
malam min,malam min,lainnya,master_wa
"Bg, nnti info jam berape bise diambil ye.",bg nnti info jam berape bise diambil ye,lainnya,kuesioner_dialek
Kira-kira berapa hari tu kak?,kirakira berapa hari tu kak,lainnya,kuesioner_dialek
Saya dari reformasi,saya dari reformasi,lainnya,master_wa
min sy mau jual laptop bisa ka,min sy mau jual laptop bisa ka,lainnya,master_wa
yg ndk full nye k bang,yg ndk full nye k bang,lainnya,master_wa
itu yg dri jakarta blm konfirmasi ya?,itu yg dri jakarta blm konfirmasi ya,lainnya,master_wa
Iyaa bg,iyaa bg,lainnya,master_wa
Kira Kira minggu udh bisa di ambil engak bang?,kira kira minggu udh bisa di ambil engak bang,lainnya,master_wa
Sama casan lama tu dibalikkan kah?,sama casan lama tu dibalikkan kah,lainnya,master_wa
bg bisa qris/tf nd?,bg bisa qristf nd,lainnya,master_wa
"Tapi dah di matikan kkye idupkan bagus agek, tapi Jak Daan lamak bang paling 10/20 manit kkye lakat agek gie",tapi dah di matikan kkye idupkan bagus agek tapi jak daan lamak bang paling manit kkye lakat agek gie,lainnya,master_wa
makasih banyak🙏🏻🙏🏻🙏🏻,makasih banyak,lainnya,master_wa
tetap yg kmrn bg,tetap yg kmrn bg,lainnya,master_wa
Tunggu dulu hujannya redah ya mba,tunggu dulu hujannya redah ya mba,lainnya,master_wa
Kira–kira kapan bisa diambil pak?,kirakira kapan bisa diambil pak,lainnya,master_wa
terus gimana ya kak?,terus gimana ya kak,lainnya,master_wa
"Permisi bang,ni laptop sinyal nya lemot,trs wifi nya sering tersambung ulang,sering disconnect, padahall wifi saya pake di hp lancar""aja ntar sore bisa kah bang saya bawa laptop nya di sana,buat di seting""biar gak lemot Singal nya",permisi bangni laptop sinyal nya lemottrs wifi nya sering tersambung ulangsering disconnect padahall wifi saya pake di hp lancaraja ntar sore bisa kah bang saya bawa laptop nya di sanabuat di setingbiar gak lemot singal nya,lainnya,master_wa
Yg juta aja bg,yg juta aja bg,lainnya,master_wa
nd bise kurang ke bang,nd bise kurang ke bang,lainnya,master_wa
bise ke abng cek kan lcd nye sekalian,bise ke abng cek kan lcd nye sekalian,lainnya,master_wa
Hrus instalnulang lagi la ye ?,hrus instalnulang lagi la ye,lainnya,master_wa
Pagi. Apa sdh selesai.,pagi apa sdh selesai,lainnya,master_wa
"Waduh ada solusi lain gk ya? 
Bahan kerjaan disitu semua",waduh ada solusi lain gk ya bahan kerjaan disitu semua,lainnya,master_wa
"Maaf Sya Mau Tanya,,",maaf sya mau tanya,lainnya,master_wa
udah lama ga dihidupin si,udah lama ga dihidupin si,lainnya,master_wa
kira² jam 3an selesai nd bang,kira jam an selesai nd bang,lainnya,master_wa
Windows 11 kan ya?,windows kan ya,lainnya,master_wa
cm mau ambil file aj,cm mau ambil file aj,lainnya,master_wa
Kehapus kayanya,kehapus kayanya,lainnya,master_wa
Ada mines nya gak bang,ada mines nya gak bang,lainnya,master_wa
Iya gitu aja deh mba,iya gitu aja deh mba,lainnya,master_wa
bayarnya bisa transfer nda bang,bayarnya bisa transfer nda bang,lainnya,master_wa
Kira2 tutup ny jam berapa ya bang?,kira tutup ny jam berapa ya bang,lainnya,master_wa
Kalo ari minggu kitak bukak ndak bang?,kalo ari minggu kitak bukak ndak bang,lainnya,kuesioner_dialek
Oo iya permisi ya bang kalau hari ini mungkin saya blm bisa ngambil soalnya lagi pergi ngk di pontianak,oo iya permisi ya bang kalau hari ini mungkin saya blm bisa ngambil soalnya lagi pergi ngk di pontianak,lainnya,master_wa
ini notany bang,ini notany bang,lainnya,master_wa
masih di kantor,masih di kantor,lainnya,master_wa
"Siap, ditunggu infonya",siap ditunggu infonya,lainnya,master_wa
Sampai jam berape biase selese tu?,sampai jam berape biase selese tu,lainnya,kuesioner_dialek
Bise ambil mlm ni kn bg?,bise ambil mlm ni kn bg,lainnya,master_wa
Bise potong harga ndak pak?,bise potong harga ndak pak,lainnya,kuesioner_dialek
Jam 7 lewat nnti saya kesana bang ambilnya,jam lewat nnti saya kesana bang ambilnya,lainnya,master_wa
Saye bru balek dri ketapang soal ny bg,saye bru balek dri ketapang soal ny bg,lainnya,master_wa
saya di supadio soalnya,saya di supadio soalnya,lainnya,master_wa
Turunkan sikit bise lah bang hargenye?,turunkan sikit bise lah bang hargenye,lainnya,kuesioner_dialek
Iya bang jdi,iya bang jdi,lainnya,master_wa
nanti malam saya ambil,nanti malam saya ambil,lainnya,master_wa
Kk,kk,lainnya,master_wa
Bise nego ndak tu kak?,bise nego ndak tu kak,lainnya,kuesioner_dialek
Iye bg,iye bg,lainnya,master_wa
die misal sy kek tinggal bntr tu kan nah trs die blue screen lg bg,die misal sy kek tinggal bntr tu kan nah trs die blue screen lg bg,lainnya,master_wa
1200000 tak dapat sama pengecas ya bng,tak dapat sama pengecas ya bng,lainnya,master_wa
Balom sampat,balom sampat,lainnya,master_wa
"Maaf bang mau tanya, laptop nya gimna ya bg?",maaf bang mau tanya laptop nya gimna ya bg,lainnya,master_wa
Mesin nya kenapa bg?,mesin nya kenapa bg,lainnya,master_wa
Klw bisa semua semuanya si kak hm,klw bisa semua semuanya si kak hm,lainnya,master_wa
Ohh gitu ya bangg,ohh gitu ya bangg,lainnya,master_wa
untuk speker sama mesin nya ?,untuk speker sama mesin nya,lainnya,master_wa
makasih banyak yaa bangggg,makasih banyak yaa bangggg,lainnya,master_wa
Kalau service printer disini bisa juga gak bg?,kalau service printer disini bisa juga gak bg,lainnya,master_wa
Potong 50 ribu bise lah ye bang?,potong ribu bise lah ye bang,lainnya,kuesioner_dialek
Iya,iya,lainnya,master_wa
SSD tu supaya nda ngeleg kah,ssd tu supaya nda ngeleg kah,lainnya,master_wa
bang bise beso ke ngambil laptobnya,bang bise beso ke ngambil laptobnya,lainnya,master_wa
Soalnya masih lemot skrg,soalnya masih lemot skrg,lainnya,master_wa
udh ga bisa dipake lg ya,udh ga bisa dipake lg ya,lainnya,master_wa
Usahakan lah minggu sudah selesai bisa gak min,usahakan lah minggu sudah selesai bisa gak min,lainnya,master_wa
Sama ini,sama ini,lainnya,master_wa
klo benerkn hardware kira” brp bg?,klo benerkn hardware kira brp bg,lainnya,master_wa
Kurang 100 ribu bise ndak min?,kurang ribu bise ndak min,lainnya,kuesioner_dialek
Nd bise kurang ke bang hargenye tu?,nd bise kurang ke bang hargenye tu,lainnya,kuesioner_dialek
Berapa biayanya bang?,berapa biayanya bang,lainnya,master_wa
Kalu malm bisa diambil ndk bang,kalu malm bisa diambil ndk bang,lainnya,master_wa
Yang patah tuu,yang patah tuu,lainnya,master_wa
mf kk nnti aj,mf kk nnti aj,lainnya,master_wa
"Soalnya dia klo buka file, atau mau ngetik di word suka loading lama bisa terbuka filenya",soalnya dia klo buka file atau mau ngetik di word suka loading lama bisa terbuka filenya,lainnya,master_wa
"Kalo emng udh nggak bisa dibetulkan biar saya ambil aja, udah lama juga",kalo emng udh nggak bisa dibetulkan biar saya ambil aja udah lama juga,lainnya,master_wa
laptop ny atas nama martilan,laptop ny atas nama martilan,lainnya,master_wa
Bang mun nak betolkan laptop kire-kire sampai jam berape?,bang mun nak betolkan laptop kirekire sampai jam berape,lainnya,kuesioner_dialek
Tutup jam berapa.,tutup jam berapa,lainnya,master_wa
Iye bang,iye bang,lainnya,master_wa
Abisnye berape lamak tu bang?,abisnye berape lamak tu bang,lainnya,kuesioner_dialek
Itu termasuk yang bermasalah pas mau di hidup kan itu kah bang?,itu termasuk yang bermasalah pas mau di hidup kan itu kah bang,lainnya,master_wa
Waalaikumsalam,waalaikumsalam,lainnya,master_wa
maaf bang laptop ny sy pakai jk dlu🙏🏻,maaf bang laptop ny sy pakai jk dlu,lainnya,master_wa
Waalalikumsalam.. ntar aja setelah magrib ya.. sekarang nanggung mau keluar🙏,waalalikumsalam ntar aja setelah magrib ya sekarang nanggung mau keluar,lainnya,master_wa
bg mau tanya leptop nya udh betul belum,bg mau tanya leptop nya udh betul belum,lainnya,master_wa
"Sore bang, saya jadi pesan baterai utk laptop Advan saya bang",sore bang saya jadi pesan baterai utk laptop advan saya bang,lainnya,master_wa
Kire-kire maseh bise ditunggu ndak bg?,kirekire maseh bise ditunggu ndak bg,lainnya,kuesioner_dialek
Lama lgi gk kk,lama lgi gk kk,lainnya,master_wa
Bang laptopnya aku ambil abis ini yaaak,bang laptopnya aku ambil abis ini yaaak,lainnya,master_wa
Iya kak,iya kak,lainnya,master_wa
Masih kosong bg,masih kosong bg,lainnya,master_wa
Gmn bng,gmn bng,lainnya,master_wa
"Bang izin bertanya kira"" Kapan selesai nya yaa?",bang izin bertanya kira kapan selesai nya yaa,lainnya,master_wa
bercak bercak nye nd bisa hilang ke bang,bercak bercak nye nd bisa hilang ke bang,lainnya,master_wa
Bang udah di bayar abang saya ya,bang udah di bayar abang saya ya,lainnya,master_wa
Nda bise kurang hargenye tu bang?,nda bise kurang hargenye tu bang,lainnya,kuesioner_dialek
saya otw kak,saya otw kak,lainnya,master_wa
bang bise download apk wa ke bg disinik,bang bise download apk wa ke bg disinik,lainnya,master_wa
Mau nanya,mau nanya,lainnya,master_wa
Pas abis dipakai kak,pas abis dipakai kak,lainnya,master_wa
File hilang nda kak instal nye,file hilang nda kak instal nye,lainnya,master_wa
brp kira2 biayanya,brp kira biayanya,lainnya,master_wa
"Terimakasihhhh bang, senin yang saya ambilll",terimakasihhhh bang senin yang saya ambilll,lainnya,master_wa
Tapi sekarang pas di cas ndk mau nyala BG laptop nya,tapi sekarang pas di cas ndk mau nyala bg laptop nya,lainnya,master_wa
takut data nya ilang,takut data nya ilang,lainnya,master_wa
Berapaan bng?,berapaan bng,lainnya,master_wa
malam ini saya ambil ya bg laptopnya,malam ini saya ambil ya bg laptopnya,lainnya,master_wa
Lama sekali ke bang die?,lama sekali ke bang die,lainnya,master_wa
Btr lg sy turun,btr lg sy turun,lainnya,master_wa
Abisnye berape lamak tu bang?,abisnye berape lamak tu bang,lainnya,kuesioner_dialek
Tutup smpai jam berapa bg,tutup smpai jam berapa bg,lainnya,master_wa
Bisa tf nda?,bisa tf nda,lainnya,master_wa
"Baik, terima kasih rinciannya. Kira-kira proses pengerjaannya memakan waktu berapa lama, ya?",baik terima kasih rinciannya kirakira proses pengerjaannya memakan waktu berapa lama ya,lainnya,kuesioner_dialek
jadi gmn kak udh ada konfirmasi dri jakarta kah berapa harganya?,jadi gmn kak udh ada konfirmasi dri jakarta kah berapa harganya,lainnya,master_wa
Harganye tak bise kurang sikit ke bg?,harganye tak bise kurang sikit ke bg,lainnya,kuesioner_dialek
sudah buka kah hari ini?,sudah buka kah hari ini,lainnya,master_wa
gmn ya,gmn ya,lainnya,master_wa
makasi ya bang,makasi ya bang,lainnya,master_wa
Mati lg laptopnya ni bang,mati lg laptopnya ni bang,lainnya,master_wa
nanti saya ambil,nanti saya ambil,lainnya,master_wa
permisi bg,permisi bg,lainnya,master_wa
Insyaallah malm sy ambil nya bang,insyaallah malm sy ambil nya bang,lainnya,master_wa
Bise nego ndak bang?,bise nego ndak bang,lainnya,kuesioner_dialek
Iya bang,iya bang,lainnya,master_wa
"Iya kak jadi, penting bisa dipake lagi",iya kak jadi penting bisa dipake lagi,lainnya,master_wa
kdg di kasur si bg,kdg di kasur si bg,lainnya,master_wa
Terima kasih bg,terima kasih bg,lainnya,master_wa
Tq,tq,lainnya,master_wa
selaen perbaikan laptop ade tukar tambah ndak bang?,selaen perbaikan laptop ade tukar tambah ndak bang,lainnya,kuesioner_dialek
Itu ada disitu filenya,itu ada disitu filenya,lainnya,master_wa
"800, bisa nd bang",bisa nd bang,lainnya,kuesioner_dialek
assalamualaikum bang.. ini masih ad garansi servis gak? Soalnya laptop saya mati lagi tiba tiba gamau hidup..,assalamualaikum bang ini masih ad garansi servis gak soalnya laptop saya mati lagi tiba tiba gamau hidup,lainnya,master_wa
udh tdi ga hidup juga,udh tdi ga hidup juga,lainnya,master_wa
brp lama,brp lama,lainnya,master_wa
jadi gmna tu bg,jadi gmna tu bg,lainnya,master_wa
"Kalo misalnye besok, jam berape bise saye ambek?",kalo misalnye besok jam berape bise saye ambek,lainnya,kuesioner_dialek
Alamat lengkapnye di jalan ape ye bang?,alamat lengkapnye di jalan ape ye bang,lainnya,kuesioner_dialek
malam kak,malam kak,lainnya,master_wa
tokooo tutup jam brpaa yaa minn,tokooo tutup jam brpaa yaa minn,lainnya,kuesioner_dialek
Bise tawar ndak bang hargenye?,bise tawar ndak bang hargenye,lainnya,kuesioner_dialek
Malam ini bisa ya?,malam ini bisa ya,lainnya,master_wa
sekarang di coba lgi gamau idup,sekarang di coba lgi gamau idup,lainnya,master_wa
Jdi yg disini hilang semua? Benar2 nd ada yg di backup?,jdi yg disini hilang semua benar nd ada yg di backup,lainnya,master_wa
biarr jakkk,biarr jakkk,lainnya,master_wa
SULISTIA123,sulistia,lainnya,master_wa
Info bg kapan bisa ambil😊,info bg kapan bisa ambil,lainnya,master_wa
Bise kureng ke bg hargenye tu?,bise kureng ke bg hargenye tu,lainnya,kuesioner_dialek
iya bang ndapapa bang,iya bang ndapapa bang,lainnya,master_wa
"gerak bang, hanye kiri kanannye nd bise di tekan",gerak bang hanye kiri kanannye nd bise di tekan,lainnya,master_wa
Siang buka kah,siang buka kah,lainnya,master_wa
Duetnya tak cukup bang .,duetnya tak cukup bang,lainnya,master_wa
kalo skrg dah tutup ke bg?,kalo skrg dah tutup ke bg,lainnya,master_wa
tokooo tutup jam brpaa yaa minn,tokooo tutup jam brpaa yaa minn,lainnya,kuesioner_dialek
Hari ini tutup jam brp bg,hari ini tutup jam brp bg,lainnya,master_wa
"Coba di instalkan windows 11 dulu bang, soalnya kata pemilik sebelumnya, sebelum dia reset ke windows 10 tu ga ada masalah",coba di instalkan windows dulu bang soalnya kata pemilik sebelumnya sebelum dia reset ke windows tu ga ada masalah,lainnya,master_wa
touchscreen sm keyboard brarti ya,touchscreen sm keyboard brarti ya,lainnya,master_wa
Touchscreen bang,touchscreen bang,lainnya,master_wa
kire² sampai  jam berape lah  bg krne mo makai,kire sampai jam berape lah bg krne mo makai,lainnya,master_wa
Ndk bsa kek biasanye gtu ke,ndk bsa kek biasanye gtu ke,lainnya,master_wa
tanyak orng nya dlu ya,tanyak orng nya dlu ya,lainnya,master_wa
"Skrg bisa hidup ka bang
Saya mau buka sbntr",skrg bisa hidup ka bang saya mau buka sbntr,lainnya,master_wa
Ade endk kabel nye jual,ade endk kabel nye jual,lainnya,master_wa
min bisa instal spss?,min bisa instal spss,lainnya,master_wa
ad ongkos lain kah bang pas pengambilan,ad ongkos lain kah bang pas pengambilan,lainnya,master_wa
Saya otw ya mas,saya otw ya mas,lainnya,master_wa
"Pagi min, mau tanya kalau service laptop rusak lcd nya berapa ya biayanya?",pagi min mau tanya kalau service laptop rusak lcd nya berapa ya biayanya,lainnya,master_wa
"Baik, terima kasih rinciannya. Kira-kira proses pengerjaannya memakan waktu berapa lama, ya?",baik terima kasih rinciannya kirakira proses pengerjaannya memakan waktu berapa lama ya,lainnya,kuesioner_dialek
Bise kureng ke bg hargenye tu?,bise kureng ke bg hargenye tu,lainnya,kuesioner_dialek
ly042213 bang,ly bang,lainnya,master_wa
saya mau jual ssd,saya mau jual ssd,lainnya,master_wa
SDH beres y,sdh beres y,lainnya,master_wa
Malam bg,malam bg,lainnya,master_wa
Ini laptop black lagi ya. Bisa di setting lagi. Balik lagi ke awal ne,ini laptop black lagi ya bisa di setting lagi balik lagi ke awal ne,lainnya,master_wa
"assalamu'alaikum bg, laptop saya bermasalaj lgi tiap mau ngidupkanya dia itu harus pakai cas🙏🏻",assalamualaikum bg laptop saya bermasalaj lgi tiap mau ngidupkanya dia itu harus pakai cas,lainnya,master_wa
smlm masih bisa,smlm masih bisa,lainnya,master_wa
Klw pengecas berapa bng,klw pengecas berapa bng,lainnya,master_wa
nd bg,nd bg,lainnya,master_wa
"800, bisa nd bang",bisa nd bang,lainnya,kuesioner_dialek
Nanti dulu ya kak saya cari gojek dulu,nanti dulu ya kak saya cari gojek dulu,lainnya,master_wa
jadi gmn bg udh di periksa kah laptopnya?,jadi gmn bg udh di periksa kah laptopnya,lainnya,master_wa
Bg,bg,lainnya,master_wa
waalaikumsalam,waalaikumsalam,lainnya,master_wa
400 kan bg?,kan bg,lainnya,master_wa
bg ada jual cas laptop nda,bg ada jual cas laptop nda,lainnya,master_wa
kapan ya bnag baru selesai,kapan ya bnag baru selesai,lainnya,kuesioner_dialek
Maaf bg mau tanya,maaf bg mau tanya,lainnya,master_wa
"Bang, tutup jam 9 pas ke atau bise lebeh?",bang tutup jam pas ke atau bise lebeh,lainnya,kuesioner_dialek
min blm kah ini?,min blm kah ini,lainnya,master_wa
kak udh bisa diambil blm laptopnya???,kak udh bisa diambil blm laptopnya,lainnya,master_wa
Apk Nya terapus semua nda bang,apk nya terapus semua nda bang,lainnya,master_wa
sore bentar yaa kak,sore bentar yaa kak,lainnya,master_wa
Jujur angkanya sedikit di atas anggaran yang saya siapkan. Apakah masih ada ruang untuk diskon atau negosiasi harga,jujur angkanya sedikit di atas anggaran yang saya siapkan apakah masih ada ruang untuk diskon atau negosiasi harga,lainnya,kuesioner_dialek
Alamat lengkapnye di jalan ape ye bang?,alamat lengkapnye di jalan ape ye bang,lainnya,kuesioner_dialek
Bang,bang,lainnya,master_wa
tes,tes,lainnya,master_wa
Ndk ade saye buka agik setelah die pegangnye,ndk ade saye buka agik setelah die pegangnye,lainnya,master_wa
hari ini bs ambil?,hari ini bs ambil,lainnya,master_wa
tiba-tiba jak bang,tibatiba jak bang,lainnya,master_wa
Tolong dibersihkan bagian dalam ya.,tolong dibersihkan bagian dalam ya,lainnya,master_wa
Bisa kurang gak kak?,bisa kurang gak kak,lainnya,master_wa
Bisa kurang gak bu?,bisa kurang gak bu,lainnya,master_wa
Bisa kurang gak bu?,bisa kurang gak bu,lainnya,master_wa
Saya bawa,saya bawa,lainnya,master_wa
Ndk tau juga si bg,ndk tau juga si bg,lainnya,master_wa
Iye bng,iye bng,lainnya,master_wa
buka sampai jam brp min,buka sampai jam brp min,lainnya,kuesioner_dialek
nd lama jg pke laptop itu bg,nd lama jg pke laptop itu bg,lainnya,master_wa
Kosong bg,kosong bg,lainnya,master_wa
klo gnti brp bg,klo gnti brp bg,lainnya,master_wa
iya kak,iya kak,lainnya,master_wa
3 kali dh😂,kali dh,lainnya,master_wa
Jadi itu skrg bisa hidup ka bang masih?,jadi itu skrg bisa hidup ka bang masih,lainnya,master_wa
Klw betulin semua sama baterai berapa bng,klw betulin semua sama baterai berapa bng,lainnya,master_wa
"Gak jadi bg, uangnya mau dipake keperluan lain dlu",gak jadi bg uangnya mau dipake keperluan lain dlu,lainnya,master_wa
"Waalaikumsalam, biarin jak bg,biayanya trllu besar,nnti klo turun,sy ambil",waalaikumsalam biarin jak bgbiayanya trllu besarnnti klo turunsy ambil,lainnya,master_wa
Nda bise kurang hargenye tu bang?,nda bise kurang hargenye tu bang,lainnya,kuesioner_dialek
Habis berapa itu bg klo di total,habis berapa itu bg klo di total,lainnya,master_wa
siang bg jadi gmn bg laptop nya?,siang bg jadi gmn bg laptop nya,lainnya,master_wa
Soalnya Kalu sore ini masih ad kegiatan,soalnya kalu sore ini masih ad kegiatan,lainnya,master_wa
Iya bang,iya bang,lainnya,master_wa
Kak apakah habis jumat slesai,kak apakah habis jumat slesai,lainnya,master_wa
Bise nego sikit ke bg biar pas gitu hargenye?,bise nego sikit ke bg biar pas gitu hargenye,lainnya,kuesioner_dialek
Ndk bisa 300 kh ndk ush garansi soalnya sbntar lg sya plg ke sintang,ndk bisa kh ndk ush garansi soalnya sbntar lg sya plg ke sintang,lainnya,master_wa
Bisa nda DVD nya tu,bisa nda dvd nya tu,lainnya,master_wa
Jam berape saye bise ke toko bang?,jam berape saye bise ke toko bang,lainnya,kuesioner_dialek
Hargenye bise turun sikit ndak min?,hargenye bise turun sikit ndak min,lainnya,kuesioner_dialek
Bang ada jual laptop harga 2 jutaan gk,bang ada jual laptop harga jutaan gk,lainnya,master_wa
Jadinya berapa bang ..klau nambah banyak ndk tu bang .,jadinya berapa bang klau nambah banyak ndk tu bang,lainnya,master_wa
Bg kureng sikit bise lah ye?,bg kureng sikit bise lah ye,lainnya,kuesioner_dialek
jauh bgt kak kalau bolak balik😭,jauh bgt kak kalau bolak balik,lainnya,master_wa
Yg ini bg kan nota nya,yg ini bg kan nota nya,lainnya,master_wa
habis margrib bise kah kamek ambek e ?,habis margrib bise kah kamek ambek e,lainnya,master_wa
Di laptop saya gamau,di laptop saya gamau,lainnya,master_wa
Klo gtu gmne la bg,klo gtu gmne la bg,lainnya,master_wa
Bg lokasi tokonye bise di shareloc ndak?,bg lokasi tokonye bise di shareloc ndak,lainnya,kuesioner_dialek
Nnti klu pas kponakan sya kluar sya sruh ambil,nnti klu pas kponakan sya kluar sya sruh ambil,lainnya,master_wa
File yg semua di download kmren,file yg semua di download kmren,lainnya,master_wa
udah ke bang laptop nya?,udah ke bang laptop nya,lainnya,master_wa
sy otw store bg,sy otw store bg,lainnya,master_wa
Dah same solder balek ke tuh bang?,dah same solder balek ke tuh bang,lainnya,master_wa
maaf kak keyboard ny yg di bawah 550 ribu ada ndak ya kak🙏🏼,maaf kak keyboard ny yg di bawah ribu ada ndak ya kak,lainnya,master_wa
"Klo untuk cas kadang masuk kadang enggak itu gimana Bang, dr Laptopnya atau casannya yg rusak?",klo untuk cas kadang masuk kadang enggak itu gimana bang dr laptopnya atau casannya yg rusak,lainnya,master_wa
Pas 600 bise ke bang?,pas bise ke bang,lainnya,kuesioner_dialek
Terima kasih bang 🙏🏻,terima kasih bang,lainnya,master_wa
Skripsi sih bg,skripsi sih bg,lainnya,master_wa
"Waalaikumsalam, tutup jam berapa bang",waalaikumsalam tutup jam berapa bang,lainnya,master_wa
jdi total nya brp bg,jdi total nya brp bg,lainnya,master_wa
Gmna cra nya bg biar dia bsa wifi,gmna cra nya bg biar dia bsa wifi,lainnya,master_wa
Yg gak bisa apa2 jak kak,yg gak bisa apa jak kak,lainnya,master_wa
kira-kira udahnya berapa lama ni kak?,kirakira udahnya berapa lama ni kak,lainnya,kuesioner_dialek
Tak bisa kurang LG k,tak bisa kurang lg k,lainnya,master_wa
bang laptop saya belum kah,bang laptop saya belum kah,lainnya,master_wa
Ohh iya makasih kak,ohh iya makasih kak,lainnya,master_wa
Tapi bole gak di cek kan dlu,tapi bole gak di cek kan dlu,lainnya,master_wa
bg laptopnya blue screen lagi,bg laptopnya blue screen lagi,lainnya,master_wa
Garansi endk Bg,garansi endk bg,lainnya,master_wa
"Nah itu saya nda tau,
Itu dilihat nya darimna?",nah itu saya nda tau itu dilihat nya darimna,lainnya,master_wa
Bise kurang agik ndak pak dari 800 tu?,bise kurang agik ndak pak dari tu,lainnya,kuesioner_dialek
Bg waktu itu kan reset leptop kate abg masih bise pulihkan,bg waktu itu kan reset leptop kate abg masih bise pulihkan,lainnya,master_wa
"rabu udah bisa betul blm bang, soalnya saya mau uts sorenya pake laptop",rabu udah bisa betul blm bang soalnya saya mau uts sorenya pake laptop,lainnya,master_wa
kak ada jual kabel penghubung ssd ke laptop nggak?,kak ada jual kabel penghubung ssd ke laptop nggak,lainnya,master_wa
die ad qr ny bg,die ad qr ny bg,lainnya,master_wa
Klo udh ke baca info ye bg,klo udh ke baca info ye bg,lainnya,master_wa
"Oiya kk, sore nya jam berapa ya?",oiya kk sore nya jam berapa ya,lainnya,master_wa
"Cobe abg tolong chat gini ke saye bilang, bise dipulihkan file tu",cobe abg tolong chat gini ke saye bilang bise dipulihkan file tu,lainnya,master_wa
iya kak laptop nya yg lenovo thiknpad ya kak atas nama Emil,iya kak laptop nya yg lenovo thiknpad ya kak atas nama emil,lainnya,master_wa
nanti sore saya ambil laptop nya,nanti sore saya ambil laptop nya,lainnya,master_wa
Betulkan bg atas nama Uray raysa anjiza,betulkan bg atas nama uray raysa anjiza,lainnya,master_wa
frame masih kosong skrang ya bang,frame masih kosong skrang ya bang,lainnya,master_wa
Kira–kira kapan bisa diambil pak?,kirakira kapan bisa diambil pak,lainnya,master_wa
Saya belum ambil bg,saya belum ambil bg,lainnya,master_wa
"800, bisa nd bang",bisa nd bang,lainnya,kuesioner_dialek
bole kak perkiraan kapan selesai kk,bole kak perkiraan kapan selesai kk,lainnya,master_wa
"Siang bang, jumatan kah hr ini? Jm brp buka lagi?",siang bang jumatan kah hr ini jm brp buka lagi,lainnya,master_wa
Nanti saya ambil labtob nya,nanti saya ambil labtob nya,lainnya,master_wa
Bayarnya bisa qris ga?,bayarnya bisa qris ga,lainnya,master_wa
Bg ngerjakannya berape jam tu?,bg ngerjakannya berape jam tu,lainnya,kuesioner_dialek
Bg,bg,lainnya,master_wa
jadi supaya bisa masuk ke windows nya harus di install ulang ya kak,jadi supaya bisa masuk ke windows nya harus di install ulang ya kak,lainnya,master_wa
Bang mun nak betolkan laptop kire-kire sampai jam berape?,bang mun nak betolkan laptop kirekire sampai jam berape,lainnya,kuesioner_dialek
file nya ga ilang kan bang?,file nya ga ilang kan bang,lainnya,master_wa
Jadi emg nd bise sme sekali lh ni ye bang?,jadi emg nd bise sme sekali lh ni ye bang,lainnya,master_wa
bisa dibetulkan ndak tu bang?,bisa dibetulkan ndak tu bang,lainnya,master_wa
Oh gitu kak. Btw kalau jual laptop bekas disini bisa gak kak?,oh gitu kak btw kalau jual laptop bekas disini bisa gak kak,lainnya,master_wa
Iya bng siap,iya bng siap,lainnya,master_wa
"di Sini bisa Jual Laptop Seken,,",di sini bisa jual laptop seken,lainnya,master_wa
Bisa tf dana nd bang,bisa tf dana nd bang,lainnya,master_wa
450 bise ndak bang? Paskan jak lah,bise ndak bang paskan jak lah,lainnya,kuesioner_dialek
hari ini buka kah bang?,hari ini buka kah bang,lainnya,master_wa
itu perlu diinstal ga,itu perlu diinstal ga,lainnya,master_wa
Habis Isya masih buka ndak Bg?,habis isya masih buka ndak bg,lainnya,master_wa
tungguu yaa bang saya nanya orang tua duluu,tungguu yaa bang saya nanya orang tua duluu,lainnya,master_wa
bebas min,bebas min,lainnya,master_wa
Bise potong harga ndak pak?,bise potong harga ndak pak,lainnya,kuesioner_dialek
Berapa lama biasenye ngerjekan itu bang?,berapa lama biasenye ngerjekan itu bang,lainnya,kuesioner_dialek
"Nanti aja dlu bu, blm ada uang",nanti aja dlu bu blm ada uang,lainnya,master_wa
"siap bang,nanti saya kesana,bisa transfer ga ya?",siap bangnanti saya kesanabisa transfer ga ya,lainnya,master_wa
Siapa,siapa,lainnya,master_wa
Nd maksud nye purak2 bilang bise,nd maksud nye purak bilang bise,lainnya,master_wa
kmrn 450 ya bg keyboard ny?,kmrn ya bg keyboard ny,lainnya,master_wa
Bang mun nak betolkan laptop kire-kire sampai jam berape?,bang mun nak betolkan laptop kirekire sampai jam berape,lainnya,kuesioner_dialek
Bise kurang ndk bang?,bise kurang ndk bang,lainnya,master_wa
bentar kk saya mikir bntarr,bentar kk saya mikir bntarr,lainnya,master_wa
Sya pikir2 dlu pak,sya pikir dlu pak,lainnya,master_wa
Owh iya bang,owh iya bang,lainnya,master_wa
waduh,waduh,lainnya,master_wa
kalau pakai mouse bisa,kalau pakai mouse bisa,lainnya,master_wa
Lamak ndak bg prosesnye?,lamak ndak bg prosesnye,lainnya,kuesioner_dialek
Kurang 50 bise ndak min?,kurang bise ndak min,lainnya,kuesioner_dialek
Ad solusi lain ndk bg,ad solusi lain ndk bg,lainnya,master_wa
Bise nego ndak bang?,bise nego ndak bang,lainnya,kuesioner_dialek
Makasii bnyk ya bg🙏🏻,makasii bnyk ya bg,lainnya,master_wa
"Mba, laptopnya udah selsau ngk ya?",mba laptopnya udah selsau ngk ya,lainnya,master_wa
bang pembayaran nya bisa tf ga,bang pembayaran nya bisa tf ga,lainnya,master_wa
Kirim nmr reknya bg,kirim nmr reknya bg,lainnya,master_wa
Mau di jdikn harddisk keluar,mau di jdikn harddisk keluar,lainnya,master_wa
Gitu ya bang jadi bang lep top nya ndk bisa di betul kan??,gitu ya bang jadi bang lep top nya ndk bisa di betul kan,lainnya,master_wa
Done ya bg,done ya bg,lainnya,master_wa
kk gmn apa sudah ad infonya?,kk gmn apa sudah ad infonya,lainnya,master_wa
Terus itu gimna ya bang,terus itu gimna ya bang,lainnya,master_wa
tutup jam berape tapinye bang soalnye kamek balek malam,tutup jam berape tapinye bang soalnye kamek balek malam,lainnya,master_wa
"kan kemarin abg bilang buat bagi penyimpanan nya juga ke data D, tapi data D juga ada disitu ngaruh gak kira2 ke penyimpanan local disk C nya?",kan kemarin abg bilang buat bagi penyimpanan nya juga ke data d tapi data d juga ada disitu ngaruh gak kira ke penyimpanan local disk c nya,lainnya,master_wa
Siang. Sore ya bang saya ngambil leptopnya,siang sore ya bang saya ngambil leptopnya,lainnya,master_wa
"Alaa bang kenpa nda di bilang kemarin kalau nd bisa, ada beberapa file penting belum di pindah ke D, saya kira backup data semua bisa di pindah ke D🥲",alaa bang kenpa nda di bilang kemarin kalau nd bisa ada beberapa file penting belum di pindah ke d saya kira backup data semua bisa di pindah ke d,lainnya,master_wa
Bise tawar ndak bang hargenye?,bise tawar ndak bang hargenye,lainnya,kuesioner_dialek
"Gak jadi bang, uangnya mau dipake keperluan lain dlu",gak jadi bang uangnya mau dipake keperluan lain dlu,lainnya,master_wa
Baterai e ndk ngpe2 ke bng,baterai e ndk ngpe ke bng,lainnya,master_wa
Windos nya mati.klw bisa hidupkan bng,windos nya matiklw bisa hidupkan bng,lainnya,master_wa
buka smpe jamber bg,buka smpe jamber bg,lainnya,master_wa
Kalo ari minggu kitak bukak ndak bang?,kalo ari minggu kitak bukak ndak bang,lainnya,kuesioner_dialek
jadi biaya nya 700 kan bang ?,jadi biaya nya kan bang,lainnya,master_wa
Halo untuk hargenye bise nd ye bang dikurang kurang lagi. karne saye kire kerusakan di lcd nye nda separah itu. mohon pengertiannye bang,halo untuk hargenye bise nd ye bang dikurang kurang lagi karne saye kire kerusakan di lcd nye nda separah itu mohon pengertiannye bang,lainnya,kuesioner_dialek
Hallo bang,hallo bang,lainnya,master_wa
bagian mesinnya yang bermasalah apa ya bang?,bagian mesinnya yang bermasalah apa ya bang,lainnya,master_wa
Iye bang,iye bang,lainnya,master_wa
Bg,bg,lainnya,master_wa
Intinya leptop tu bang yang bermasalah awalnya cuma mau ngidupin nya jak sulit kadang langusng hidup kadang harus di buka tutup-buka tutup dulu baru hidup kata abng saya,intinya leptop tu bang yang bermasalah awalnya cuma mau ngidupin nya jak sulit kadang langusng hidup kadang harus di buka tutupbuka tutup dulu baru hidup kata abng saya,lainnya,master_wa
"Bang, tutup jam 9 pas ke atau bise lebeh?",bang tutup jam pas ke atau bise lebeh,lainnya,kuesioner_dialek
Jadi semua total berapa bng,jadi semua total berapa bng,lainnya,master_wa
Brrti untuk yg engselnya gak bisa di apa apa in ya?,brrti untuk yg engselnya gak bisa di apa apa in ya,lainnya,master_wa
TF kmn bang,tf kmn bang,lainnya,master_wa
itu ngaruh ke lcd bang?,itu ngaruh ke lcd bang,lainnya,master_wa
Ada garansi kah bg,ada garansi kah bg,lainnya,master_wa
Siang bg,siang bg,lainnya,master_wa
permisi kakk,permisi kakk,lainnya,master_wa
"Alhamdulillah, cepat sekali bg, saya mungkin belum ambilnya bg, nanti pas mau ambil saya kabarin",alhamdulillah cepat sekali bg saya mungkin belum ambilnya bg nanti pas mau ambil saya kabarin,lainnya,master_wa
"waalaikumsalam, bise qris atau tf kh nnti byr ny min",waalaikumsalam bise qris atau tf kh nnti byr ny min,lainnya,master_wa
Bolee bang,bolee bang,lainnya,master_wa
mana loksasi min,mana loksasi min,lainnya,kuesioner_dialek
Test bang,test bang,lainnya,master_wa
Ini bg,ini bg,lainnya,master_wa
Pak estimasi beresnye kire-kire lamak tak?,pak estimasi beresnye kirekire lamak tak,lainnya,kuesioner_dialek
Yg ini berharga bg,yg ini berharga bg,lainnya,master_wa
klo cas laptop acer berapa,klo cas laptop acer berapa,lainnya,master_wa
Bisa kurang gak bang?,bisa kurang gak bang,lainnya,master_wa
Iya bg udh di pindahin,iya bg udh di pindahin,lainnya,master_wa
Ao nanti sore saya ambil,ao nanti sore saya ambil,lainnya,master_wa
Iya nanti kasi tau aja ya kak kalau udah selesai,iya nanti kasi tau aja ya kak kalau udah selesai,lainnya,master_wa
Berapa lama Bg,berapa lama bg,lainnya,master_wa
Itulah,itulah,lainnya,master_wa
di meja bg,di meja bg,lainnya,master_wa
Tapi saya usahain malam ini kalau bs,tapi saya usahain malam ini kalau bs,lainnya,master_wa
Kurang 100 ribu bise ndak min?,kurang ribu bise ndak min,lainnya,kuesioner_dialek
Bang ko labtob nya ga hidup??,bang ko labtob nya ga hidup,lainnya,master_wa
"Baru gitu kah bg depannya, nda pakai yang patah itu lagi ya bg",baru gitu kah bg depannya nda pakai yang patah itu lagi ya bg,lainnya,master_wa
Kalau dipakai sambil dicas gimana bang?,kalau dipakai sambil dicas gimana bang,lainnya,master_wa
Nanti saya ambil,nanti saya ambil,lainnya,master_wa
bsk bisa kh diambil?,bsk bisa kh diambil,lainnya,master_wa
"Bang, untuk leptop nya bagaimana yaa?",bang untuk leptop nya bagaimana yaa,lainnya,master_wa
Kira-kira berapa hari tu kak?,kirakira berapa hari tu kak,lainnya,kuesioner_dialek
Kurengkan sikit bah bang hargenye,kurengkan sikit bah bang hargenye,lainnya,kuesioner_dialek
Bg ngerjakannya berape jam tu?,bg ngerjakannya berape jam tu,lainnya,kuesioner_dialek
kalau keyboard 65% tu maksudnya gimanan bang,kalau keyboard tu maksudnya gimanan bang,lainnya,master_wa
berapa ya kak biaya betulin kaya gitu,berapa ya kak biaya betulin kaya gitu,lainnya,master_wa
Hargenye bise turun sikit ndak min?,hargenye bise turun sikit ndak min,lainnya,kuesioner_dialek
"Pagi kk, jdi kek mne kk laptopnye?",pagi kk jdi kek mne kk laptopnye,lainnya,master_wa
nanti saya ambil ya,nanti saya ambil ya,lainnya,master_wa
Kalau bisa Senin udh bisa diambil ya bang,kalau bisa senin udh bisa diambil ya bang,lainnya,master_wa
Jdi gmne bng,jdi gmne bng,lainnya,master_wa
Permisi bang maaf sebelum nya itu kalau misal nya saya blm bisa ambil sekarang ngk papa bang hujan soalnya🙏🙏,permisi bang maaf sebelum nya itu kalau misal nya saya blm bisa ambil sekarang ngk papa bang hujan soalnya,lainnya,master_wa
Tmbh itu,tmbh itu,lainnya,master_wa
Iya udh lh .,iya udh lh,lainnya,master_wa
Sdh sementata,sdh sementata,lainnya,master_wa
Bise nego ndak tu kak?,bise nego ndak tu kak,lainnya,kuesioner_dialek
Jujur angkanya sedikit di atas anggaran yang saya siapkan. Apakah masih ada ruang untuk diskon atau negosiasi harga,jujur angkanya sedikit di atas anggaran yang saya siapkan apakah masih ada ruang untuk diskon atau negosiasi harga,lainnya,kuesioner_dialek
"Dia tu kek nda sesuai gitu, kita pencet apa munculnya apa, misal saya pencet huruf o dia langsung arahkan ke folder, trus pencet huruf lain, langsung new tab, pencet huruf lain lagi malah ke profil google, kek aneh gitu",dia tu kek nda sesuai gitu kita pencet apa munculnya apa misal saya pencet huruf o dia langsung arahkan ke folder trus pencet huruf lain langsung new tab pencet huruf lain lagi malah ke profil google kek aneh gitu,lainnya,master_wa
Garansi berapa lama?,garansi berapa lama,lainnya,master_wa
"Mahal gak ye, nd bise kurng ke min",mahal gak ye nd bise kurng ke min,lainnya,kuesioner_dialek
Tak bise kurang kh bangg,tak bise kurang kh bangg,lainnya,master_wa
Iya lah kak,iya lah kak,lainnya,master_wa
Bg berapa kemarin harganya ya,bg berapa kemarin harganya ya,lainnya,master_wa
Halo untuk hargenye bise nd ye bang dikurang kurang lagi. karne saye kire kerusakan di lcd nye nda separah itu. mohon pengertiannye bang,halo untuk hargenye bise nd ye bang dikurang kurang lagi karne saye kire kerusakan di lcd nye nda separah itu mohon pengertiannye bang,lainnya,kuesioner_dialek
HHD internalnya bisa di casingin dak,hhd internalnya bisa di casingin dak,lainnya,master_wa
tekan ape ya,tekan ape ya,lainnya,master_wa
Toko bukak sampay jam berape malam itok?,toko bukak sampay jam berape malam itok,lainnya,kuesioner_dialek
Bise nego sikit ke bg biar pas gitu hargenye?,bise nego sikit ke bg biar pas gitu hargenye,lainnya,kuesioner_dialek
Bise potong harga ndak pak?,bise potong harga ndak pak,lainnya,kuesioner_dialek
setelah ini ya kk🥲,setelah ini ya kk,lainnya,master_wa
kalak la bang insyaallah saye ngambek nye,kalak la bang insyaallah saye ngambek nye,lainnya,master_wa
Iya bg,iya bg,lainnya,master_wa
gimana bg? udh ada jawaban kh dri teknisi nya,gimana bg udh ada jawaban kh dri teknisi nya,lainnya,master_wa
siang kak jadi gmn kak laptopnya?,siang kak jadi gmn kak laptopnya,lainnya,master_wa
kira kira jam brapa bisa ambil bang?,kira kira jam brapa bisa ambil bang,lainnya,master_wa
Bise potong harga ndak pak?,bise potong harga ndak pak,lainnya,kuesioner_dialek
Bise tawar ndak bang hargenye?,bise tawar ndak bang hargenye,lainnya,kuesioner_dialek
Udah kah min,udah kah min,lainnya,master_wa
Toko bukak sampay jam berape malam itok?,toko bukak sampay jam berape malam itok,lainnya,kuesioner_dialek
Jam brpa mas kira kira?,jam brpa mas kira kira,lainnya,master_wa
"minus hanya shadow tipis pink, dan port hanya bisa 1 untuk charging, port lain pemindahan data",minus hanya shadow tipis pink dan port hanya bisa untuk charging port lain pemindahan data,lainnya,master_wa
misa bg sya kemarin servis leptop ditempat abg atas nama maya leptop ya nd mau hidup lgi,misa bg sya kemarin servis leptop ditempat abg atas nama maya leptop ya nd mau hidup lgi,lainnya,master_wa
Soalnya Senin pagi mau di pake 😅,soalnya senin pagi mau di pake,lainnya,master_wa
gmn bg laptop nya,gmn bg laptop nya,lainnya,master_wa
Min toko pas di depan jalan buntu tu ke?,min toko pas di depan jalan buntu tu ke,lainnya,kuesioner_dialek
Bentar ye bang,bentar ye bang,lainnya,master_wa
po juga nd bise ke bg?,po juga nd bise ke bg,lainnya,master_wa
600 kan bang,kan bang,lainnya,master_wa
Iya bg kosong local d aja yg di ambil,iya bg kosong local d aja yg di ambil,lainnya,master_wa
Dan masih bisa di pakai sebagai external harddisk kan,dan masih bisa di pakai sebagai external harddisk kan,lainnya,master_wa
Saye ambil malam bise nd bg? Saye masih di tmpt krja,saye ambil malam bise nd bg saye masih di tmpt krja,lainnya,master_wa
Yang penting word ny nda bermasalah lg,yang penting word ny nda bermasalah lg,lainnya,master_wa
Toko bukak sampay jam berape malam itok?,toko bukak sampay jam berape malam itok,lainnya,kuesioner_dialek
saya mau jual laptop,saya mau jual laptop,lainnya,master_wa
tutup JM brp bg,tutup jm brp bg,lainnya,master_wa
Kalo diantar bise ndak min nnti pas dah jadi?,kalo diantar bise ndak min nnti pas dah jadi,lainnya,kuesioner_dialek
ohh gitu ya bg,ohh gitu ya bg,lainnya,master_wa
gmn kak?,gmn kak,lainnya,master_wa
buka sampe jam brp bg,buka sampe jam brp bg,lainnya,master_wa
"Iya mas, dsini kondisi hujan",iya mas dsini kondisi hujan,lainnya,master_wa
mana loksasi min,mana loksasi min,lainnya,kuesioner_dialek
Cila060817,cila,lainnya,master_wa
Jdi file ny bakalan hilang ya bg atau gmn,jdi file ny bakalan hilang ya bg atau gmn,lainnya,master_wa
Kalau di install semua ga hilang kan ? Gada yg hilang gtu,kalau di install semua ga hilang kan gada yg hilang gtu,lainnya,master_wa
Saya mau cari yg 2 juta,saya mau cari yg juta,lainnya,master_wa
Pagi bang,pagi bang,lainnya,master_wa
"Oalaa, berarti jangan biarkan cas bermalam gitu ya",oalaa berarti jangan biarkan cas bermalam gitu ya,lainnya,master_wa
Bg ngerjakannya berape jam tu?,bg ngerjakannya berape jam tu,lainnya,kuesioner_dialek
yg keyboard nya udh d matikan bisa kh bang,yg keyboard nya udh d matikan bisa kh bang,lainnya,master_wa
Kira-kira berapa hari tu kak?,kirakira berapa hari tu kak,lainnya,kuesioner_dialek
test,test,lainnya,master_wa
bagi no rek nya bang,bagi no rek nya bang,lainnya,master_wa
Yg lain tidak ada kah bg,yg lain tidak ada kah bg,lainnya,master_wa
Laptopnya baru saya coba pakai pagi ini,laptopnya baru saya coba pakai pagi ini,lainnya,master_wa
G,g,lainnya,master_wa
mana loksasi min,mana loksasi min,lainnya,kuesioner_dialek
Yg ini,yg ini,lainnya,master_wa
Bg udh bise ke atau mash loading,bg udh bise ke atau mash loading,lainnya,master_wa
"Siang, trimakasih nnti sy ambil🙏🏻",siang trimakasih nnti sy ambil,lainnya,master_wa
Alhamdulillah,alhamdulillah,lainnya,master_wa
Siap bang,siap bang,lainnya,master_wa
"Bang, gmn lptopny?",bang gmn lptopny,lainnya,master_wa
"Engga, filenya engga kosong, kemarin di download abistu ada pilihan nya, tau2 di buka kosong",engga filenya engga kosong kemarin di download abistu ada pilihan nya tau di buka kosong,lainnya,master_wa
Terima kasih banyak bg,terima kasih banyak bg,lainnya,master_wa
nyala cepat kan,nyala cepat kan,lainnya,master_wa
Bise tawar ndak bang hargenye?,bise tawar ndak bang hargenye,lainnya,kuesioner_dialek
Kemaren bagus tu bng.,kemaren bagus tu bng,lainnya,master_wa
Bise kurang agik ndak pak dari 800 tu?,bise kurang agik ndak pak dari tu,lainnya,kuesioner_dialek
tadi totalnya berapa bang,tadi totalnya berapa bang,lainnya,master_wa
"Iya lah bang, nanti saya kesana 
Malam abng buka kah?",iya lah bang nanti saya kesana malam abng buka kah,lainnya,master_wa
bsk ijin sy wa ulang ya bg,bsk ijin sy wa ulang ya bg,lainnya,master_wa
malam masih buka gak,malam masih buka gak,lainnya,master_wa
Halo untuk hargenye bise nd ye bang dikurang kurang lagi. karne saye kire kerusakan di lcd nye nda separah itu. mohon pengertiannye bang,halo untuk hargenye bise nd ye bang dikurang kurang lagi karne saye kire kerusakan di lcd nye nda separah itu mohon pengertiannye bang,lainnya,kuesioner_dialek
Ohhh iyaa lahh bang,ohhh iyaa lahh bang,lainnya,master_wa
Bisa kurang lagi gak kak keyboard sama layarnya,bisa kurang lagi gak kak keyboard sama layarnya,lainnya,master_wa
Berapa lama biasenye ngerjekan itu bang?,berapa lama biasenye ngerjekan itu bang,lainnya,kuesioner_dialek
Yang ini cari in dulu lah ya,yang ini cari in dulu lah ya,lainnya,master_wa
bisaaa negoo gkk minn harga serviss nya,bisaaa negoo gkk minn harga serviss nya,lainnya,kuesioner_dialek
nanti malm saya ambil ya bg,nanti malm saya ambil ya bg,lainnya,master_wa
"800, bisa nd bang",bisa nd bang,lainnya,kuesioner_dialek
tutup jm brp kk,tutup jm brp kk,lainnya,master_wa
mana loksasi min,mana loksasi min,lainnya,kuesioner_dialek
Jam 9 malam maseh bukak ke pak?,jam malam maseh bukak ke pak,lainnya,kuesioner_dialek
"oh iyalah bang, terima kasih yaa",oh iyalah bang terima kasih yaa,lainnya,master_wa
Kurengkan sikit bah bang hargenye,kurengkan sikit bah bang hargenye,lainnya,kuesioner_dialek
Abisnye berape lamak tu bang?,abisnye berape lamak tu bang,lainnya,kuesioner_dialek
Berapa bg,berapa bg,lainnya,master_wa
Yang positif service yang kecil dulu bg🙏🏻,yang positif service yang kecil dulu bg,lainnya,master_wa
Kira–kira kapan bisa diambil bu?,kirakira kapan bisa diambil bu,lainnya,master_wa
"Kalo misalnye besok, jam berape bise saye ambek?",kalo misalnye besok jam berape bise saye ambek,lainnya,kuesioner_dialek
Insyaallah nanti saya ambil bg,insyaallah nanti saya ambil bg,lainnya,master_wa
Siap bg,siap bg,lainnya,master_wa
"Gak jadi kak, uangnya mau dipake keperluan lain dlu",gak jadi kak uangnya mau dipake keperluan lain dlu,lainnya,master_wa
Oh iyalah jam 3 saya ambil..,oh iyalah jam saya ambil,lainnya,master_wa
"Kire"" msh lma ke bg",kire msh lma ke bg,lainnya,master_wa
Bang sya sdh jln ksna,bang sya sdh jln ksna,lainnya,master_wa
Knp bang,knp bang,lainnya,master_wa
"Mungkin blm  bisa hari ini Sy kesana bg, soalnya masih di kampung",mungkin blm bisa hari ini sy kesana bg soalnya masih di kampung,lainnya,master_wa
Klo isi pes msh smpat ga bg?,klo isi pes msh smpat ga bg,lainnya,master_wa
Potong 50 ribu bise lah ye bang?,potong ribu bise lah ye bang,lainnya,kuesioner_dialek
"Masih lelet ngak bg, pas di instal ulang",masih lelet ngak bg pas di instal ulang,lainnya,master_wa
sipp,sipp,lainnya,master_wa
700 itu udh sama lcd ke belom bang,itu udh sama lcd ke belom bang,lainnya,master_wa
Laptop nya masih gk bisa hidup kah tanpa di instal?,laptop nya masih gk bisa hidup kah tanpa di instal,lainnya,master_wa
Bang,bang,lainnya,master_wa
Abisnye berape lamak tu bang?,abisnye berape lamak tu bang,lainnya,kuesioner_dialek
nda ngelag kan bang,nda ngelag kan bang,lainnya,master_wa
Tes,tes,lainnya,master_wa
Sudah bisa bang,sudah bisa bang,lainnya,master_wa
Saya mau ambil jam 3 an tapi kira kira masih buka ga ya bang?,saya mau ambil jam an tapi kira kira masih buka ga ya bang,lainnya,master_wa
"Wa'alaikumussalam bg, November kmaren bg",waalaikumussalam bg november kmaren bg,lainnya,master_wa
Nda bise kurang hargenye tu bang?,nda bise kurang hargenye tu bang,lainnya,kuesioner_dialek
oh iya bang yang kemaren sekalian ubah tampilan menu nya ya bang,oh iya bang yang kemaren sekalian ubah tampilan menu nya ya bang,lainnya,master_wa
Ad biaya?,ad biaya,lainnya,master_wa
Lamak ndak bg prosesnye?,lamak ndak bg prosesnye,lainnya,kuesioner_dialek
belum kah bang,belum kah bang,lainnya,master_wa
Izin bang mau follow up leptop saya bang atas nama Ade Saputra,izin bang mau follow up leptop saya bang atas nama ade saputra,lainnya,master_wa
Jam 9 malam maseh bukak ke pak?,jam malam maseh bukak ke pak,lainnya,kuesioner_dialek
kena brp bg biaya ny,kena brp bg biaya ny,lainnya,master_wa
Jadi gimana,jadi gimana,lainnya,master_wa
Bisa di ambil kapan setelah smua di servis,bisa di ambil kapan setelah smua di servis,lainnya,master_wa
Pendaftaran nd salah tu name pdfnye,pendaftaran nd salah tu name pdfnye,lainnya,master_wa
ambil skrg buka nda bg,ambil skrg buka nda bg,lainnya,master_wa
Ruben3003,ruben,lainnya,master_wa
Pas Abang cek SSD nya dak Ade masalah ke bang kemarin,pas abang cek ssd nya dak ade masalah ke bang kemarin,lainnya,master_wa
bkn ini laptop yg lain,bkn ini laptop yg lain,lainnya,master_wa
tutup jam berape bang?,tutup jam berape bang,lainnya,master_wa
Kurengkan sikit bah bang hargenye,kurengkan sikit bah bang hargenye,lainnya,kuesioner_dialek
Kira-kira berapa hari tu kak?,kirakira berapa hari tu kak,lainnya,kuesioner_dialek
ada rekomendasi tempat yg bisa nggak ya kak,ada rekomendasi tempat yg bisa nggak ya kak,lainnya,master_wa
siang sy tnya org rmh dlu y,siang sy tnya org rmh dlu y,lainnya,master_wa
saya benar2 nda ngerti soalnya sama windows 8,saya benar nda ngerti soalnya sama windows,lainnya,master_wa
"Oh Iya Bang,,",oh iya bang,lainnya,master_wa
Iya.,iya,lainnya,master_wa
Bise kureng ke bg hargenye tu?,bise kureng ke bg hargenye tu,lainnya,kuesioner_dialek
Malam ini tutup jam berapa,malam ini tutup jam berapa,lainnya,master_wa
Alhamdulillah benar lah bang,alhamdulillah benar lah bang,lainnya,master_wa
Bang mun nak betolkan laptop kire-kire sampai jam berape?,bang mun nak betolkan laptop kirekire sampai jam berape,lainnya,kuesioner_dialek
sudah bisa,sudah bisa,lainnya,master_wa
Kire-kire sore itok bise selese ke?,kirekire sore itok bise selese ke,lainnya,kuesioner_dialek
Dana Jak ye bang,dana jak ye bang,lainnya,master_wa
Belom k bang?,belom k bang,lainnya,master_wa
Klau ndk bisa ndk JD lh bang .,klau ndk bisa ndk jd lh bang,lainnya,master_wa
Bisa kurang ndk bang .,bisa kurang ndk bang,lainnya,master_wa
Perkiraan kapan min,perkiraan kapan min,lainnya,master_wa
Jam 12an saya ambil ya,jam an saya ambil ya,lainnya,master_wa
Ngerjekannye berape ari bang?,ngerjekannye berape ari bang,lainnya,kuesioner_dialek
Bg nnti malam bukak ndak?,bg nnti malam bukak ndak,lainnya,kuesioner_dialek
Dia hidup terus kek temati macam dk kuat ngangkat layarnya,dia hidup terus kek temati macam dk kuat ngangkat layarnya,lainnya,master_wa
Kira2 sore ini bisa diambil ndk bg?,kira sore ini bisa diambil ndk bg,lainnya,master_wa
Oo iya,oo iya,lainnya,master_wa
sya siap siap,sya siap siap,lainnya,master_wa
Lepas aja gak masalah kan,lepas aja gak masalah kan,lainnya,master_wa
"Baik bang, nanti sore diambilnya",baik bang nanti sore diambilnya,setuju,master_wa
"Waalaikumsallam bg, kalau ganti hardisk apakah file’dilaptop nya hilang bg",waalaikumsallam bg kalau ganti hardisk apakah filedilaptop nya hilang bg,setuju,master_wa
Okei bg saya tanya orng rumah dulu nnti saya kabari lagii,okei bg saya tanya orng rumah dulu nnti saya kabari lagii,setuju,master_wa
Iya bolehh bg instal ulang aja,iya bolehh bg instal ulang aja,setuju,master_wa
Besok siang ya bang saya ambil nda pape ke?,besok siang ya bang saya ambil nda pape ke,setuju,master_wa
Oke baik Laksanakan,oke baik laksanakan,setuju,master_wa
Oh oke siap laksanakan.,oh oke siap laksanakan,setuju,master_wa
Assalamualaikum warahmatullahi wabarokatuh,assalamualaikum warahmatullahi wabarokatuh,setuju,master_wa
Baik bang terimakasih,baik bang terimakasih,setuju,master_wa
"Okee bang, bentar lg ambil",okee bang bentar lg ambil,setuju,master_wa
ok,ok,setuju,master_wa
"Oke bang, nanti saya ambil ya",oke bang nanti saya ambil ya,setuju,master_wa
layarnya aman kn bang,layarnya aman kn bang,setuju,master_wa
okey bang,okey bang,setuju,master_wa
"oke bang, buka sampe jam berapa bg",oke bang buka sampe jam berapa bg,setuju,master_wa
besok ye bang sya ambil,besok ye bang sya ambil,setuju,master_wa
jadi besok saya tinggal ambil aja,jadi besok saya tinggal ambil aja,setuju,master_wa
okey bang makasih banyak🙏🏻,okey bang makasih banyak,setuju,master_wa
okey makasih banyak bang🙏🏻🧎‍♀️,okey makasih banyak bang,setuju,master_wa
bang kok laptop saya gamau nyala lagi ya,bang kok laptop saya gamau nyala lagi ya,setuju,master_wa
okey habis magrib sya ke kesana ya🙏🏻,okey habis magrib sya ke kesana ya,setuju,master_wa
sya ada deadline tugas besok😞,sya ada deadline tugas besok,setuju,master_wa
ha bolehkah seperti itu,ha bolehkah seperti itu,setuju,master_wa
itu ambil ke toko langsung ke bg,itu ambil ke toko langsung ke bg,setuju,master_wa
okey habis magrib sya kesana ya makasih banyak bg🙏🏻,okey habis magrib sya kesana ya makasih banyak bg,setuju,master_wa
okelah bang makasih banyak🙏🏻,okelah bang makasih banyak,setuju,master_wa
sudah aman kh itu bang,sudah aman kh itu bang,setuju,master_wa
okey nanti saya kesana,okey nanti saya kesana,setuju,master_wa
jam berapa toko tutup,jam berapa toko tutup,setuju,master_wa
okey jam 7an sya kesana,okey jam an sya kesana,setuju,master_wa
bang sya ambil nya nunggu hujan reda aja klo ga besok ya,bang sya ambil nya nunggu hujan reda aja klo ga besok ya,setuju,master_wa
Ganti mesin atau gimana bg?,ganti mesin atau gimana bg,setuju,master_wa
Oklah bg,oklah bg,setuju,master_wa
InsyaAllah besok sy ambil bg,insyaallah besok sy ambil bg,setuju,master_wa
Baik senin berarti sy ambil bg,baik senin berarti sy ambil bg,setuju,master_wa
"Bang, saya mau upgrade Wi-Fi card laptop ASUS TUF FX505DD ke Intel Wi-Fi 6 AX200
Mau ganti Qualcomm Atheros QCA9377 ke Intel AX200 NGW M.2 2230.",bang saya mau upgrade wifi card laptop asus tuf fxdd ke intel wifi ax mau ganti qualcomm atheros qca ke intel ax ngw m,setuju,master_wa
sama bersihin kipas dn ganti thermal paste,sama bersihin kipas dn ganti thermal paste,setuju,master_wa
oke bang,oke bang,setuju,master_wa
ganti thermal paste dn bersihin kipas brp bg,ganti thermal paste dn bersihin kipas brp bg,setuju,master_wa
oke bg,oke bg,setuju,master_wa
oke bg,oke bg,setuju,master_wa
"Boleh tu bang, kena berapa kira kira?",boleh tu bang kena berapa kira kira,setuju,master_wa
"Waduh saya lagi diluar ni bang, tokonya buka sampai jam berapa bang?",waduh saya lagi diluar ni bang tokonya buka sampai jam berapa bang,setuju,master_wa
Ok sip,ok sip,setuju,master_wa
Ok boleh bang,ok boleh bang,setuju,master_wa
Ok bentar lagi saye kesana,ok bentar lagi saye kesana,setuju,master_wa
besok yaa bang,besok yaa bang,setuju,master_wa
Okee aman,okee aman,setuju,master_wa
"Selamat pagi, baik bang terima kasih, apakah laptopnya sudah bisa diambil hari ini?",selamat pagi baik bang terima kasih apakah laptopnya sudah bisa diambil hari ini,setuju,master_wa
"Oke bang, terima kasih",oke bang terima kasih,setuju,master_wa
"Malam bang, apakah laptopnya sudah selesai dikerjakan dan dapat diambil?",malam bang apakah laptopnya sudah selesai dikerjakan dan dapat diambil,setuju,master_wa
"Malam bang, tadi lupa nanya.. untuk selanjutnya agar baterainya tahan lama dan nda rusak lagi gimana ya pemeliharannya?",malam bang tadi lupa nanya untuk selanjutnya agar baterainya tahan lama dan nda rusak lagi gimana ya pemeliharannya,setuju,master_wa
"Ohh oke bang, terima kasih!",ohh oke bang terima kasih,setuju,master_wa
"Iya bang, untuk sekarang emang baterai nya aman, keyboard nya ja ni, kemarin pun nda ada cek2 lain kan ya selain baterai",iya bang untuk sekarang emang baterai nya aman keyboard nya ja ni kemarin pun nda ada cek lain kan ya selain baterai,setuju,master_wa
"Oke bang, siang ini saya bawa ke toko",oke bang siang ini saya bawa ke toko,setuju,master_wa
Semoge jak aman terus setelah ini,semoge jak aman terus setelah ini,setuju,master_wa
"Oke"". Toko tutup jam berape ?",oke toko tutup jam berape,setuju,master_wa
Git toko buka jam berape ye ?,git toko buka jam berape ye,setuju,master_wa
Oke bg. Bentar lagi saya kesana,oke bg bentar lagi saya kesana,setuju,master_wa
Okeee kk nnti saya ambil leptop nya,okeee kk nnti saya ambil leptop nya,setuju,master_wa
Assalamualaikum Toko buka ke bos?,assalamualaikum toko buka ke bos,setuju,master_wa
aman kan bang?,aman kan bang,setuju,master_wa
okeey,okeey,setuju,master_wa
"besok ya bang saya ambil, untuk harga bisa d infoin disini ga bang?",besok ya bang saya ambil untuk harga bisa d infoin disini ga bang,setuju,master_wa
okeyy bang,okeyy bang,setuju,master_wa
"maaf bang br lihat, kalo ganti hard disk aja gimana bang",maaf bang br lihat kalo ganti hard disk aja gimana bang,setuju,master_wa
OOO iyalah boleh di instal ulang aja,ooo iyalah boleh di instal ulang aja,setuju,master_wa
Oke bang,oke bang,setuju,master_wa
Okeei,okeei,setuju,master_wa
Kalo SSD berapa ya bang? Dan misal diganti SSD nya apakah ga lemot lagi?,kalo ssd berapa ya bang dan misal diganti ssd nya apakah ga lemot lagi,setuju,master_wa
Laptop waktu itu bang yg downgrade ke windows 8 sama ganti keyboard,laptop waktu itu bang yg downgrade ke windows sama ganti keyboard,setuju,master_wa
Ok,ok,setuju,master_wa
Okeoke,okeoke,setuju,master_wa
Ohh okee bang?,ohh okee bang,setuju,master_wa
Okee bang,okee bang,setuju,master_wa
"Okee kak, kabarin aja nnti ya bg",okee kak kabarin aja nnti ya bg,setuju,master_wa
Ohh okee bang,ohh okee bang,setuju,master_wa
Besok bararti bisa udah saya ambil bang?,besok bararti bisa udah saya ambil bang,setuju,master_wa
Ohh oke bang,ohh oke bang,setuju,master_wa
Jadi untuk perbaikannya apa2 saja ya Bg?,jadi untuk perbaikannya apa saja ya bg,setuju,master_wa
Owh ok Bang,owh ok bang,setuju,master_wa
Nanti infokan saja,nanti infokan saja,setuju,master_wa
"Iya bang, asal datanya masih aman",iya bang asal datanya masih aman,setuju,master_wa
Owh ok Bang,owh ok bang,setuju,master_wa
"Klo misalnya diperbaiki, budget nya sekitar berapa ya Bg",klo misalnya diperbaiki budget nya sekitar berapa ya bg,setuju,master_wa
"Untuk perbaikannya, touchpad ya Bg?? Atau ada yg perlu diperbaiki lagi?",untuk perbaikannya touchpad ya bg atau ada yg perlu diperbaiki lagi,setuju,master_wa
"Misalnya LCD diperbaiki/ganti, biayanya berapa Bang",misalnya lcd diperbaikiganti biayanya berapa bang,setuju,master_wa
Owh ok. Klo casannya ada jual juga kah Bang? Dan harganya berapaan?,owh ok klo casannya ada jual juga kah bang dan harganya berapaan,setuju,master_wa
Bang saya ganti touchpad dg beli casannya saja .. Bearti totalnya semuanya 450.000  sama perbaikannya? Atau berapa Bang?,bang saya ganti touchpad dg beli casannya saja bearti totalnya semuanya sama perbaikannya atau berapa bang,setuju,master_wa
Owh ok.. Ganti itu saja Bang,owh ok ganti itu saja bang,setuju,master_wa
"Ok Bang. klo sudah selesai diperbaiki, infokan saja ya Bang",ok bang klo sudah selesai diperbaiki infokan saja ya bang,setuju,master_wa
Ok bg,ok bg,setuju,master_wa
Ok sipp,ok sipp,setuju,master_wa
"Ok Bang, sekitar sore atau habis magrib ngambilnya",ok bang sekitar sore atau habis magrib ngambilnya,setuju,master_wa
"Klo ganti gimana bg, bayar lg atau gimana",klo ganti gimana bg bayar lg atau gimana,setuju,master_wa
Ok bg,ok bg,setuju,master_wa
Boleh bg.,boleh bg,setuju,master_wa
Untk leptop Advan cuma itu aja ke bg perbaikannya?,untk leptop advan cuma itu aja ke bg perbaikannya,setuju,master_wa
Ok bg. Boleh,ok bg boleh,setuju,master_wa
Ok,ok,setuju,master_wa
Iya Bg. Jadi perbaikannya gimana bg?,iya bg jadi perbaikannya gimana bg,setuju,master_wa
Itu aja kah bg perbaikannya?,itu aja kah bg perbaikannya,setuju,master_wa
Boleh bg. Nanti klo sudah selesai infokn saja,boleh bg nanti klo sudah selesai infokn saja,setuju,master_wa
Ok,ok,setuju,master_wa
"Oke, besok pagi saya ambil",oke besok pagi saya ambil,setuju,master_wa
Toko buka jam berapa ya?,toko buka jam berapa ya,setuju,master_wa
Data aman kah min,data aman kah min,setuju,master_wa
"Oke, Thankyou",oke thankyou,setuju,master_wa
Oke bg malam ya,oke bg malam ya,setuju,master_wa
"baik, siang ini saya ambil..",baik siang ini saya ambil,setuju,master_wa
Oke bang,oke bang,setuju,master_wa
Diskon dikit boleh bu?,diskon dikit boleh bu,setuju,master_wa
okee bang,okee bang,setuju,master_wa
Ok,ok,setuju,master_wa
Ok kpn jadinya,ok kpn jadinya,setuju,master_wa
Ok,ok,setuju,master_wa
Ok,ok,setuju,master_wa
okeii boleh yaa kak,okeii boleh yaa kak,setuju,master_wa
tolong sampe bisa nyaman aman sentosa yaa kak🙏🏻,tolong sampe bisa nyaman aman sentosa yaa kak,setuju,master_wa
"okei kak, besok kalo udh selesai.
Kabarin aja yaa kak, Terima Kasih",okei kak besok kalo udh selesai kabarin aja yaa kak terima kasih,setuju,master_wa
"okei kak, nanti saya ambil kesitu yaa",okei kak nanti saya ambil kesitu yaa,setuju,master_wa
Jdi bru ku bawa ke toko abg,jdi bru ku bawa ke toko abg,setuju,master_wa
Boleh bg ndk ape,boleh bg ndk ape,setuju,master_wa
Okee,okee,setuju,master_wa
Baik bg,baik bg,setuju,master_wa
Bsok bsa ambil ya?,bsok bsa ambil ya,setuju,master_wa
Oke bg,oke bg,setuju,master_wa
Oke bg sudah bsa,oke bg sudah bsa,setuju,master_wa
Besok buka bg ??,besok buka bg,setuju,master_wa
Bentar bang nanyak mamak lok,bentar bang nanyak mamak lok,setuju,master_wa
"Saya ambil ajaa besok bang, maaf ya bangg budget nya belum adaa",saya ambil ajaa besok bang maaf ya bangg budget nya belum adaa,setuju,master_wa
Oke bg,oke bg,setuju,master_wa
Oke gpp mas,oke gpp mas,setuju,master_wa
Oke gppa mas,oke gppa mas,setuju,master_wa
Iya mas perbaiki aja. Bsok pagi udh bisa di ambil?,iya mas perbaiki aja bsok pagi udh bisa di ambil,setuju,master_wa
Oke makasih mas,oke makasih mas,setuju,master_wa
Ok jm 9 ya,ok jm ya,setuju,master_wa
okee bang,okee bang,setuju,master_wa
Okok siap bg,okok siap bg,setuju,master_wa
"waalaikumsalam bang, besok ya",waalaikumsalam bang besok ya,setuju,master_wa
"oke bang, intinya dak ke tekan"" sendiri",oke bang intinya dak ke tekan sendiri,setuju,master_wa
besok buka jam brpa ya?,besok buka jam brpa ya,setuju,master_wa
"Waalaikumsalam..
iya baik Kak, sekitar jam 4 lewat saya ke toko ya Kak.
🙏🏻",waalaikumsalam iya baik kak sekitar jam lewat saya ke toko ya kak,setuju,master_wa
"sbnarnya cma takut hilang file nya, tp klo bsa sklian mau perbaiki juga",sbnarnya cma takut hilang file nya tp klo bsa sklian mau perbaiki juga,setuju,master_wa
"laptonya bisa diambil dulu nd kk, klo bisa nnti saya ambil tpi sudh di perbaiki blm",laptonya bisa diambil dulu nd kk klo bisa nnti saya ambil tpi sudh di perbaiki blm,setuju,master_wa
Baik bg,baik bg,setuju,master_wa
Ok otw,ok otw,setuju,master_wa
Oke bang,oke bang,setuju,master_wa
okey kak,okey kak,setuju,master_wa
"lcdnya ga bisa kah kak, untuk tokohnya yg pesankan untuk saya tapi untuk biayanya berapa ya ?",lcdnya ga bisa kah kak untuk tokohnya yg pesankan untuk saya tapi untuk biayanya berapa ya,setuju,master_wa
"soalnya kmrn pan juga kosong di tokoh nya cuman dipesankan sm storenya, sy pernah ganti pan nya di store kk",soalnya kmrn pan juga kosong di tokoh nya cuman dipesankan sm storenya sy pernah ganti pan nya di store kk,setuju,master_wa
okey kak infokan saja ya,okey kak infokan saja ya,setuju,master_wa
okey kak,okey kak,setuju,master_wa
bg ini kan harganya 600k kan itu apa saja bg komponen di laptopnya yg di perbaiki yg di lcdnya?,bg ini kan harganya k kan itu apa saja bg komponen di laptopnya yg di perbaiki yg di lcdnya,setuju,master_wa
soalnya mau ngasih tau ortu kan ini diperbaiki jg yg layar hitamnya kan yg ga bisa tampil dn  ga diganti lcd yg baru jadi biar tau apa aja gt yg di ganti,soalnya mau ngasih tau ortu kan ini diperbaiki jg yg layar hitamnya kan yg ga bisa tampil dn ga diganti lcd yg baru jadi biar tau apa aja gt yg di ganti,setuju,master_wa
"ooh oke"" kak perbaiki saja ya disitu nanti kl udh selesai kabarin",ooh oke kak perbaiki saja ya disitu nanti kl udh selesai kabarin,setuju,master_wa
okey kak infokn kl sudah selesai diperbaiki,okey kak infokn kl sudah selesai diperbaiki,setuju,master_wa
oke bg nanti diambil,oke bg nanti diambil,setuju,master_wa
besok aja ya kak saya ngambil nya saya lagi diluar Pontianak,besok aja ya kak saya ngambil nya saya lagi diluar pontianak,setuju,master_wa
okey kak,okey kak,setuju,master_wa
Oh oke boleh bg,oh oke boleh bg,setuju,master_wa
Ok,ok,setuju,master_wa
Ok malam mngkn sy ksna ambil,ok malam mngkn sy ksna ambil,setuju,master_wa
baik kk,baik kk,setuju,master_wa
oke kk bsk yaa,oke kk bsk yaa,setuju,master_wa
Oke bg saya lagi ga bisa ambil simpan kan dulu gapapa?,oke bg saya lagi ga bisa ambil simpan kan dulu gapapa,setuju,master_wa
Oke bg terima kasih ya,oke bg terima kasih ya,setuju,master_wa
Bg toko buka jam berapa?,bg toko buka jam berapa,setuju,master_wa
Oke bg,oke bg,setuju,master_wa
oke bentar ya bang tanya bapak dulu,oke bentar ya bang tanya bapak dulu,setuju,master_wa
inii saja dulu bang di perbaiki masalah tambah ram nanti ya bang soal nya bapak belum ada di rumah,inii saja dulu bang di perbaiki masalah tambah ram nanti ya bang soal nya bapak belum ada di rumah,setuju,master_wa
kalau ganti keyboard nya berapa bang ?,kalau ganti keyboard nya berapa bang,setuju,master_wa
nanti yaa bang bapak belum on soal nya nanti kamek konfirmasi abang kalau ganti keyboard nya juga,nanti yaa bang bapak belum on soal nya nanti kamek konfirmasi abang kalau ganti keyboard nya juga,setuju,master_wa
"yang bagian mesin sama speker nya saja dulu bang kalau gitu ga buru” sih bang, nanti tunggu bapak on kamek kabarin abang ya, jangan servis dulu gapapa bang siapa tau nanti bapak suruh ganti juga kebybord nya jadi ga sering bongkar pasang",yang bagian mesin sama speker nya saja dulu bang kalau gitu ga buru sih bang nanti tunggu bapak on kamek kabarin abang ya jangan servis dulu gapapa bang siapa tau nanti bapak suruh ganti juga kebybord nya jadi ga sering bongkar pasang,setuju,master_wa
okey bang nanti kamek konfir masi abang ya,okey bang nanti kamek konfir masi abang ya,setuju,master_wa
oke bang boleh bang ganti keyboard nya juga,oke bang boleh bang ganti keyboard nya juga,setuju,master_wa
"jadi speker, mesin, keyboard yang di perbaiki ya bang ?",jadi speker mesin keyboard yang di perbaiki ya bang,setuju,master_wa
iya bang besok ngambil nya boleh kah tapi kalau nanti malam uang nya cepat di tf kamek ambil nanti malam bang,iya bang besok ngambil nya boleh kah tapi kalau nanti malam uang nya cepat di tf kamek ambil nanti malam bang,setuju,master_wa
oke bang makasih,oke bang makasih,setuju,master_wa
oke bang,oke bang,setuju,master_wa
bang kamek ambil nya  boleh kah atau sore kamis karna posisi lagi di mempawah bang ambik data lapangan,bang kamek ambil nya boleh kah atau sore kamis karna posisi lagi di mempawah bang ambik data lapangan,setuju,master_wa
oh boleh bang kalau gitu yang penting data nya ga ilang bang,oh boleh bang kalau gitu yang penting data nya ga ilang bang,setuju,master_wa
okey bang maaf ya bang,okey bang maaf ya bang,setuju,master_wa
okey bang besok buka kah bang ? soal nya malam ni kamek balik pnk bang,okey bang besok buka kah bang soal nya malam ni kamek balik pnk bang,setuju,master_wa
kalau besok buka besok kamek ambil nya bang takut ga keburu malam ni ambil nya,kalau besok buka besok kamek ambil nya bang takut ga keburu malam ni ambil nya,setuju,master_wa
okey bang maaf ya bang besok pasti kamek ambil bang,okey bang maaf ya bang besok pasti kamek ambil bang,setuju,master_wa
oke bang,oke bang,setuju,master_wa
kok data” di laptop nya kosong ya bang ?,kok data di laptop nya kosong ya bang,setuju,master_wa
okey bang,okey bang,setuju,master_wa
Ok bg,ok bg,setuju,master_wa
"Besok saja bisa tidak bang, saya lagi ada urusan, jadi tidak bisa malam ini mengambilnya",besok saja bisa tidak bang saya lagi ada urusan jadi tidak bisa malam ini mengambilnya,setuju,master_wa
oke bang,oke bang,setuju,master_wa
Ok,ok,setuju,master_wa
Okee bangg,okee bangg,setuju,master_wa
Ok,ok,setuju,master_wa
Boleh bang,boleh bang,setuju,master_wa
Boleh bang,boleh bang,setuju,master_wa
oala oke kak besok saya antar laptop ya,oala oke kak besok saya antar laptop ya,setuju,master_wa
okeee,okeee,setuju,master_wa
"Oke kak, jadi diperbaiki",oke kak jadi diperbaiki,setuju,master_wa
Ok kak makasih,ok kak makasih,setuju,master_wa
"oke bang, nanti saya ambil sore",oke bang nanti saya ambil sore,setuju,master_wa
"Owalah, gitu berarti harus ganti baterai ya kak ?",owalah gitu berarti harus ganti baterai ya kak,setuju,master_wa
Oke kak kalo gitu brarti masi bisa di pakai normal walau tanpa baterai ya yg penting sambil di charger👌,oke kak kalo gitu brarti masi bisa di pakai normal walau tanpa baterai ya yg penting sambil di charger,setuju,master_wa
"Oke kak nanti saya kabarin lagi masi mau nyari-nyari laptop secund soalnya, sama mau nabung dulu 🙏",oke kak nanti saya kabarin lagi masi mau nyarinyari laptop secund soalnya sama mau nabung dulu,setuju,master_wa
Siiip oke makasi kak,siiip oke makasi kak,setuju,master_wa
Oke bang,oke bang,setuju,master_wa
Oke bang,oke bang,setuju,master_wa
Oo gtu ya oke la bg..upgrade lagi aja la bg ke wd 11,oo gtu ya oke la bgupgrade lagi aja la bg ke wd,setuju,master_wa
Oke la bg,oke la bg,setuju,master_wa
Bg boleh liatkn di document nd bg?,bg boleh liatkn di document nd bg,setuju,master_wa
Ha boleh nd kirim ke saye atau simpan ke data d bg ye,ha boleh nd kirim ke saye atau simpan ke data d bg ye,setuju,master_wa
Okee makasii bg,okee makasii bg,setuju,master_wa
baik bg nnti saya ambil,baik bg nnti saya ambil,setuju,master_wa
Diskon dikit boleh bg?,diskon dikit boleh bg,setuju,master_wa
Laptop nya boleh diambil kapan bg?,laptop nya boleh diambil kapan bg,setuju,master_wa
Ohh ok bang mksehh infonyee🙏🙏,ohh ok bang mksehh infonyee,setuju,master_wa
okeyy baik kak,okeyy baik kak,setuju,master_wa
iya kak lanjut,iya kak lanjut,setuju,master_wa
kak boleh minta tolong copotkan ssd penyimpanan nggak? saya mau ambil laptop nya sekarang,kak boleh minta tolong copotkan ssd penyimpanan nggak saya mau ambil laptop nya sekarang,setuju,master_wa
okey makasih kak,okey makasih kak,setuju,master_wa
"tapi kayanya diambil besok deh kak, hujan lebat",tapi kayanya diambil besok deh kak hujan lebat,setuju,master_wa
agak malaman ya bang sy ngambilnya,agak malaman ya bang sy ngambilnya,setuju,master_wa
"baik kak terimakasih infonya, mungkin malam baru bisa saya ambil",baik kak terimakasih infonya mungkin malam baru bisa saya ambil,setuju,master_wa
Okee maksh bang nnti saye ambil,okee maksh bang nnti saye ambil,setuju,master_wa
Ok bang,ok bang,setuju,master_wa
"Oke bg, ntr saya nanya ortu dulu ya bg",oke bg ntr saya nanya ortu dulu ya bg,setuju,master_wa
Oke ntr saya tanya ortu dulu ya bg,oke ntr saya tanya ortu dulu ya bg,setuju,master_wa
Bg ada garansinya nda ya kalau udah ganti frame,bg ada garansinya nda ya kalau udah ganti frame,setuju,master_wa
Boleh bg,boleh bg,setuju,master_wa
Okeee kak,okeee kak,setuju,master_wa
Okee kak,okee kak,setuju,master_wa
Baik bang saya teruskan dulu k abg saya yaa,baik bang saya teruskan dulu k abg saya yaa,setuju,master_wa
Bang perbaikannya ada garansi engak kata abng saya,bang perbaikannya ada garansi engak kata abng saya,setuju,master_wa
Oke bang lanjut perbaiki,oke bang lanjut perbaiki,setuju,master_wa
Ooo gitu oke lah bang,ooo gitu oke lah bang,setuju,master_wa
Baik bang,baik bang,setuju,master_wa
Baik bang,baik bang,setuju,master_wa
Bang besok dah bisa di ambil engak? 🙏,bang besok dah bisa di ambil engak,setuju,master_wa
Baik. Bang,baik bang,setuju,master_wa
Semoga baik baik saja 🤲😅,semoga baik baik saja,setuju,master_wa
Baik bang saya otw sekarang,baik bang saya otw sekarang,setuju,master_wa
Bang toko ny tutup jam berapa ya bang,bang toko ny tutup jam berapa ya bang,setuju,master_wa
Oke,oke,setuju,master_wa
ok bg,ok bg,setuju,master_wa
Oke bang,oke bang,setuju,master_wa
Oke bang,oke bang,setuju,master_wa
Boleh bang,boleh bang,setuju,master_wa
Oke bang,oke bang,setuju,master_wa
Boleh video in endk bang,boleh video in endk bang,setuju,master_wa
Oke bang besok saya ambil,oke bang besok saya ambil,setuju,master_wa
Oke bang,oke bang,setuju,master_wa
Besok bukak jam brpe bang,besok bukak jam brpe bang,setuju,master_wa
Oke bang,oke bang,setuju,master_wa
Ok tq.,ok tq,setuju,master_wa
Malam ya. Ok,malam ya ok,setuju,master_wa
Ok tq,ok tq,setuju,master_wa
Ganti ssd 128 gak kurang lagi.,ganti ssd gak kurang lagi,setuju,master_wa
Ok tq,ok tq,setuju,master_wa
Ok,ok,setuju,master_wa
Malam bang.. Hardisk yang ekternalnya kok gak bisa kebaca ya dari kemarin ya.,malam bang hardisk yang ekternalnya kok gak bisa kebaca ya dari kemarin ya,setuju,master_wa
Iya tq besok saya bawa kesana tq,iya tq besok saya bawa kesana tq,setuju,master_wa
Ok tq besok sy ambil bang,ok tq besok sy ambil bang,setuju,master_wa
Oke bang,oke bang,setuju,master_wa
Oke bang saya jemput ke sana,oke bang saya jemput ke sana,setuju,master_wa
"Ok bang, bntr y",ok bang bntr y,setuju,master_wa
Tokonya jam berapa tutup ya mba,tokonya jam berapa tutup ya mba,setuju,master_wa
"Kalau ngk sempat malam ini, besok pagi aja saya ambil",kalau ngk sempat malam ini besok pagi aja saya ambil,setuju,master_wa
Kok bse ganti ganti agi bng,kok bse ganti ganti agi bng,setuju,master_wa
Ok bng,ok bng,setuju,master_wa
Bsokla antar laptop ny bng blm sempat,bsokla antar laptop ny bng blm sempat,setuju,master_wa
"Waalaikumsalam, baik Bang, terimakasih Bang",waalaikumsalam baik bang terimakasih bang,setuju,master_wa
"bang, kalau ganti batrai brp-an ya?",bang kalau ganti batrai brpan ya,setuju,master_wa
"Yaudah gpp kak, gak jadi diperbaiki",yaudah gpp kak gak jadi diperbaiki,setuju,master_wa
Laptop nya boleh diambil kapan kak?,laptop nya boleh diambil kapan kak,setuju,master_wa
Okee bang,okee bang,setuju,master_wa
okee kk entar saya ambil,okee kk entar saya ambil,setuju,master_wa
Ok bg,ok bg,setuju,master_wa
baik bang,baik bang,setuju,master_wa
"baik bang, jd besok udh bisa di ambil ya bang",baik bang jd besok udh bisa di ambil ya bang,setuju,master_wa
oke bang diambil mlm ini aja,oke bang diambil mlm ini aja,setuju,master_wa
Oke bang hari ni saya datang ke store,oke bang hari ni saya datang ke store,setuju,master_wa
Oke bang ntar sore saya ke sana,oke bang ntar sore saya ke sana,setuju,master_wa
Toko nya tutup jam brp an bang,toko nya tutup jam brp an bang,setuju,master_wa
"oke bg, bentar ya",oke bg bentar ya,setuju,master_wa
"Salam sehat. Terimakasih telah menghubungi kami dr.Budhi Febrian PJ Sp.N AIFO-K. 

Untuk berkonsultasi, silahkan tinggalkan pesan chat atau pesan suara terkait jenis keluhan gejala penyakit, riwayat penyakit dan riwayat berobat/ obat yang sudah diminum. 

Kami akan segera analisa dan menjawab pertanyaan tersebut serta menjadwalkan telepon atau video call bila diperlukan. 

Kami siap membantu agar lekas sembuh.
Insyaa Allah.",salam sehat terimakasih telah menghubungi kami drbudhi febrian pj spn aifok untuk berkonsultasi silahkan tinggalkan pesan chat atau pesan suara terkait jenis keluhan gejala penyakit riwayat penyakit dan riwayat berobat obat yang sudah diminum kami akan segera analisa dan menjawab pertanyaan tersebut serta menjadwalkan telepon atau video call bila diperlukan kami siap membantu agar lekas sembuh insyaa allah,setuju,master_wa
"*Program Cegah Stroke*
Jangan sepelekan tekanan darah tinggi berulang lebih dari 130/90mmhg disertai dengan nyeri kepala (migrain berulang) maupun pusing berputar (vertigo) atau ngambang (vertigo central) bila disertai dengan riwayat pandangan gelap atau berkunang kunang atau kesemutan (neuropati) artinya aliran darah ke otak kurang lancar (vertebrobasilar artery sindrome) gejala awal stroke.
Terlebih ada riwayat gula darah tinggi >150mg/dl (diabetes), segera konsultasi. Biaya GRATIS/ Seikhlasnya.",program cegah stroke jangan sepelekan tekanan darah tinggi berulang lebih dari mmhg disertai dengan nyeri kepala migrain berulang maupun pusing berputar vertigo atau ngambang vertigo central bila disertai dengan riwayat pandangan gelap atau berkunang kunang atau kesemutan neuropati artinya aliran darah ke otak kurang lancar vertebrobasilar artery sindrome gejala awal stroke terlebih ada riwayat gula darah tinggi mgdl diabetes segera konsultasi biaya gratis seikhlasnya,setuju,master_wa
"Total semua segitu ya, Boleh. Terimakasih",total semua segitu ya boleh terimakasih,setuju,master_wa
Baik terimakasih,baik terimakasih,setuju,master_wa
Baik ditunggu infonya,baik ditunggu infonya,setuju,master_wa
"Saya baru bisa ambil sekarang, kalau besok pagi atau siang bisa diambil jam berapa?",saya baru bisa ambil sekarang kalau besok pagi atau siang bisa diambil jam berapa,setuju,master_wa
"Baik terimakasih infonya, saya ambil besok pagi saja",baik terimakasih infonya saya ambil besok pagi saja,setuju,master_wa
Okey bang bentar lagi di ambil,okey bang bentar lagi di ambil,setuju,master_wa
Okei bg,okei bg,setuju,master_wa
Ok bang,ok bang,setuju,master_wa
Siang. Langsung di perbaiki aja bang,siang langsung di perbaiki aja bang,setuju,master_wa
Ganti aja bang,ganti aja bang,setuju,master_wa
"Waalaikumsalam, Oke nanti saya ke sana",waalaikumsalam oke nanti saya ke sana,setuju,master_wa
Ok,ok,setuju,master_wa
bg bisa ndk ambil nya besok pas saya plg kuliah aja??,bg bisa ndk ambil nya besok pas saya plg kuliah aja,setuju,master_wa
okeyy,okeyy,setuju,master_wa
ok bntr bg,ok bntr bg,setuju,master_wa
"Baik terimakasih kak info nya, tapi saya bisanya besok ngambilnya kak",baik terimakasih kak info nya tapi saya bisanya besok ngambilnya kak,setuju,master_wa
Okee kak saya ambil di hari jumat ya kak,okee kak saya ambil di hari jumat ya kak,setuju,master_wa
"Hallo maaf kak, kalau ngambil sekarang bisa nggak kak?. Toko nya tutup jam berapa kak?",hallo maaf kak kalau ngambil sekarang bisa nggak kak toko nya tutup jam berapa kak,setuju,master_wa
Okee kak makasih infonya,okee kak makasih infonya,setuju,master_wa
oke,oke,setuju,master_wa
oke bang,oke bang,setuju,master_wa
toko tutup jam brapa yaa,toko tutup jam brapa yaa,setuju,master_wa
oke bang,oke bang,setuju,master_wa
oke bang beso ya saya ambilnya,oke bang beso ya saya ambilnya,setuju,master_wa
Oke bang,oke bang,setuju,master_wa
"Selamat malam bang maaf sblmnya menganggu, saya mau nanya nih kenapa ya smart gesture scroll 2 fingers d laptop saya jd nda berfungsi ya semenjak di install ulang kemarin, awalnya saya pikir karena laptop saya belum tersambung k internet makanya ada instalan ny blm selesai, tapi setelah kemarin tersambung k internet dan saya cb² lihat di laman pengaturan nya ttp nda bisa berfungsi itu kenapa ya?",selamat malam bang maaf sblmnya menganggu saya mau nanya nih kenapa ya smart gesture scroll fingers d laptop saya jd nda berfungsi ya semenjak di install ulang kemarin awalnya saya pikir karena laptop saya belum tersambung k internet makanya ada instalan ny blm selesai tapi setelah kemarin tersambung k internet dan saya cb lihat di laman pengaturan nya ttp nda bisa berfungsi itu kenapa ya,setuju,master_wa
Okee bg,okee bg,setuju,master_wa
Ok siap makasih bg,ok siap makasih bg,setuju,master_wa
Kalo boleh tau bang kalo semisalnya bongkar biayanya berapa ya bng? Apakah nambah,kalo boleh tau bang kalo semisalnya bongkar biayanya berapa ya bng apakah nambah,setuju,master_wa
Ohh baik lahh bang,ohh baik lahh bang,setuju,master_wa
Boleh bang,boleh bang,setuju,master_wa
Ohh iya baik bang,ohh iya baik bang,setuju,master_wa
Ohhh baik lhh bng,ohhh baik lhh bng,setuju,master_wa
"Boleh kah saya ketempat Abg lagi mastikanya, soalnya ndk bisa hidup ni laptopnya",boleh kah saya ketempat abg lagi mastikanya soalnya ndk bisa hidup ni laptopnya,setuju,master_wa
"Ohhh baik lhh bng
 Perkiraan butuh berapa lama yaa, sebelum lebaran udah bisa jadi gak bng",ohhh baik lhh bng perkiraan butuh berapa lama yaa sebelum lebaran udah bisa jadi gak bng,setuju,master_wa
"Hee maaf gak bisa bng lagi ada mata kuliah tdi bng full lagii ga main hp jga bng, kalo besok bisa ga bng datangnya??",hee maaf gak bisa bng lagi ada mata kuliah tdi bng full lagii ga main hp jga bng kalo besok bisa ga bng datangnya,setuju,master_wa
Kalo boleh tau apa masalah dalam labtob tu ya  bang? Lupa saya bng,kalo boleh tau apa masalah dalam labtob tu ya bang lupa saya bng,setuju,master_wa
Ohh oky lah bang,ohh oky lah bang,setuju,master_wa
Ohh baik lhh bng,ohh baik lhh bng,setuju,master_wa
Oky bng,oky bng,setuju,master_wa
oke kak terimakasi,oke kak terimakasi,setuju,master_wa
"🔄 *Pesan pengingat agar nomormu aman*

Pastikan pulsa kamu selalu cukup untuk tetap menikmati koneksi IM3. Informasi dan layanan isi ulang pulsa dapat diakses langsung lewat IM3 WhatsApp.

Klik *Isi Pulsa* untuk melanjutkan.",pesan pengingat agar nomormu aman pastikan pulsa kamu selalu cukup untuk tetap menikmati koneksi im informasi dan layanan isi ulang pulsa dapat diakses langsung lewat im whatsapp klik isi pulsa untuk melanjutkan,setuju,master_wa
"🔄 *Pesan pengingat agar nomormu aman*

Pastikan pulsa kamu selalu cukup untuk tetap menikmati koneksi IM3. Informasi dan layanan isi ulang pulsa dapat diakses langsung lewat IM3 WhatsApp.

Klik *Isi Pulsa* untuk melanjutkan.",pesan pengingat agar nomormu aman pastikan pulsa kamu selalu cukup untuk tetap menikmati koneksi im informasi dan layanan isi ulang pulsa dapat diakses langsung lewat im whatsapp klik isi pulsa untuk melanjutkan,setuju,master_wa
Ok siap,ok siap,setuju,master_wa
Saye nd tau ape2 saye barok balek kampong,saye nd tau ape saye barok balek kampong,setuju,master_wa
Oke bg,oke bg,setuju,master_wa
Okey bg,okey bg,setuju,master_wa
Okey bg bntr lagi saya kesana,okey bg bntr lagi saya kesana,setuju,master_wa
Besok Jak bah boleh dk saye ambilnya,besok jak bah boleh dk saye ambilnya,setuju,master_wa
"Oke lh bg, tapi itu kira2 matot atau casnya bg yg bermasalah kira2",oke lh bg tapi itu kira matot atau casnya bg yg bermasalah kira,setuju,master_wa
Waalaikumussalam oke bang,waalaikumussalam oke bang,setuju,master_wa
Oke bang,oke bang,setuju,master_wa
Ok,ok,setuju,master_wa
Ok,ok,setuju,master_wa
"Baik Pak, akan saya ambil ya",baik pak akan saya ambil ya,setuju,master_wa
"baik lh, besok ya saya ambil🙏🏼",baik lh besok ya saya ambil,setuju,master_wa
okee bang,okee bang,setuju,master_wa
tokonya tutup jam berapa ya?,tokonya tutup jam berapa ya,setuju,master_wa
macbook bisa min?,macbook bisa min,setuju,master_wa
oalahh oke deh min,oalahh oke deh min,setuju,master_wa
Oke bang,oke bang,setuju,master_wa
"waalaikumsalam, okee bang nanti saya ambil yaa",waalaikumsalam okee bang nanti saya ambil yaa,setuju,master_wa
Oke bang nnti sore saya ambil,oke bang nnti sore saya ambil,setuju,master_wa
lcd aman ke bang,lcd aman ke bang,setuju,master_wa
okee lanjutkan service nya bang kalau udah selesai konfirmasi yaa,okee lanjutkan service nya bang kalau udah selesai konfirmasi yaa,setuju,master_wa
"siang.
okei nanti saya ambil",siang okei nanti saya ambil,setuju,master_wa
file aman ndaa bang?,file aman ndaa bang,setuju,master_wa
okelaa bang,okelaa bang,setuju,master_wa
jadi ganti pasta aja,jadi ganti pasta aja,setuju,master_wa
brpaan kira kira gantinya tu bg,brpaan kira kira gantinya tu bg,setuju,master_wa
baik,baik,setuju,master_wa
itu ssdnya upgrade atau ganti yg sama kak,itu ssdnya upgrade atau ganti yg sama kak,setuju,master_wa
"baik bg, nanti saya info kembali soal jadi atau nga nya ya bg🙏🏻",baik bg nanti saya info kembali soal jadi atau nga nya ya bg,setuju,master_wa
oke baik bg,oke baik bg,setuju,master_wa
Ok,ok,setuju,master_wa
Ok,ok,setuju,master_wa
Ok lh bang.yg pnting aman,ok lh bangyg pnting aman,setuju,master_wa
Ok,ok,setuju,master_wa
Udah aman semua yg lain tu bng,udah aman semua yg lain tu bng,setuju,master_wa
Ok... Masih,ok masih,setuju,master_wa
"Ok kk, terimakasih ya",ok kk terimakasih ya,setuju,master_wa
Ok deh kk,ok deh kk,setuju,master_wa
"Ok kk, sbntr lagi kmi ambil",ok kk sbntr lagi kmi ambil,setuju,master_wa
Diskon dikit boleh kak?,diskon dikit boleh kak,setuju,master_wa
Laptop nya boleh diambil kapan kak?,laptop nya boleh diambil kapan kak,setuju,master_wa
Ok bg,ok bg,setuju,master_wa
Yang kipas aman bg,yang kipas aman bg,setuju,master_wa
Tapi masih ok buat dipakai y bg,tapi masih ok buat dipakai y bg,setuju,master_wa
ok bg,ok bg,setuju,master_wa
Ok nanti saya ke sana dulu,ok nanti saya ke sana dulu,setuju,master_wa
Ok nanti saya ke sana,ok nanti saya ke sana,setuju,master_wa
"boleh bang di betulkan aja, prosesnya cepat ga ya kira’?",boleh bang di betulkan aja prosesnya cepat ga ya kira,setuju,master_wa
okee bang,okee bang,setuju,master_wa
oke bang,oke bang,setuju,master_wa
oke,oke,setuju,master_wa
saya ambil besok ya bang,saya ambil besok ya bang,setuju,master_wa
Ok bg,ok bg,setuju,master_wa
ok,ok,setuju,master_wa
ok,ok,setuju,master_wa
"aduh bg, sy mau tdr awl bsok subuh plg",aduh bg sy mau tdr awl bsok subuh plg,setuju,master_wa
ok,ok,setuju,master_wa
"oke bang, tutup jam brapa",oke bang tutup jam brapa,setuju,master_wa
okee,okee,setuju,master_wa
Oke siap bang sore atau Maghrib saye ke sana,oke siap bang sore atau maghrib saye ke sana,setuju,master_wa
Okok mas,okok mas,setuju,master_wa
okey bg bntr lagi otw,okey bg bntr lagi otw,setuju,master_wa
Okeyy bg besok jak ya saya ambil,okeyy bg besok jak ya saya ambil,setuju,master_wa
Lama gak perbaikannya min,lama gak perbaikannya min,setuju,master_wa
Kalau senin udah bisa dipakai bisa min diperbaiki,kalau senin udah bisa dipakai bisa min diperbaiki,setuju,master_wa
Kalau ganti keyboard brapa kak,kalau ganti keyboard brapa kak,setuju,master_wa
Kalau ganti keyboard lama gak,kalau ganti keyboard lama gak,setuju,master_wa
Ganti ajalah kak sekalian,ganti ajalah kak sekalian,setuju,master_wa
Besok buka gak min pagi2,besok buka gak min pagi,setuju,master_wa
Oke bang,oke bang,setuju,master_wa
Waalaikumsalam oke bang,waalaikumsalam oke bang,setuju,master_wa
Jadi aman kah kak?,jadi aman kah kak,setuju,master_wa
Besok saya coba kesana ya kak,besok saya coba kesana ya kak,setuju,master_wa
"Oke bg terimakasih
Nnti saya ambl laptop nya",oke bg terimakasih nnti saya ambl laptop nya,setuju,master_wa
Ok,ok,setuju,master_wa
Oke bang,oke bang,setuju,master_wa
Okee bang,okee bang,setuju,master_wa
"Oke siap bang, makasih bang",oke siap bang makasih bang,setuju,master_wa
"Okee bang, aman, makasih bang",okee bang aman makasih bang,setuju,master_wa
Oke kk,oke kk,setuju,master_wa
Besok saya ambil,besok saya ambil,setuju,master_wa
okey bang,okey bang,setuju,master_wa
besok saya ambil ya bang,besok saya ambil ya bang,setuju,master_wa
"oke bang, agak sore nanti ya bang soalnya lagi kegiatan di luar",oke bang agak sore nanti ya bang soalnya lagi kegiatan di luar,setuju,master_wa
boleh bang,boleh bang,setuju,master_wa
oke bang,oke bang,setuju,master_wa
"oke bang, nanti sore saya kesana",oke bang nanti sore saya kesana,setuju,master_wa
Ok bg,ok bg,setuju,master_wa
Ok bg,ok bg,setuju,master_wa
Baiklah bg nanti kalau jd saya infokn,baiklah bg nanti kalau jd saya infokn,setuju,master_wa
Ok bg nanti saya infokn lagi ya,ok bg nanti saya infokn lagi ya,setuju,master_wa
Pengecas nya aman kah bg?,pengecas nya aman kah bg,setuju,master_wa
"Boleh bg, ganti aja bg",boleh bg ganti aja bg,setuju,master_wa
Oke bg,oke bg,setuju,master_wa
"Wa'alaikum salam wr.wb
Okee bg. Saya infokan kalau mau ambil bg",waalaikum salam wrwb okee bg saya infokan kalau mau ambil bg,setuju,master_wa
"Okee, aman ya bg. Batrai aja berarti",okee aman ya bg batrai aja berarti,setuju,master_wa
"Okey bang, ntar sore sye ambill",okey bang ntar sore sye ambill,setuju,master_wa
"selamat malam juga bang, tadi saya udah kasih tau orang tua untuk biayanya. Kata bapak mama saya servicenya ditunda dulu jadi besok siang saya ambil laptopnya di toko",selamat malam juga bang tadi saya udah kasih tau orang tua untuk biayanya kata bapak mama saya servicenya ditunda dulu jadi besok siang saya ambil laptopnya di toko,setuju,master_wa
okee bangg,okee bangg,setuju,master_wa
Oke bg,oke bg,setuju,master_wa
Okey bg,okey bg,setuju,master_wa
Oke bag,oke bag,setuju,master_wa
Ok sip,ok sip,setuju,master_wa
Oke bg saye infokan ke ibu saye dlu ye,oke bg saye infokan ke ibu saye dlu ye,setuju,master_wa
Boleh bg,boleh bg,setuju,master_wa
Oke bg info jak nanti ye,oke bg info jak nanti ye,setuju,master_wa
Oke bg,oke bg,setuju,master_wa
Besok pagi/siang saye ambil bg,besok pagisiang saye ambil bg,setuju,master_wa
oke bang,oke bang,setuju,master_wa
bang kalau ganti touchpad tu brp?,bang kalau ganti touchpad tu brp,setuju,master_wa
oke bang,oke bang,setuju,master_wa
Okeey min,okeey min,setuju,master_wa
oke sep bang,oke sep bang,setuju,master_wa
Oke bangg,oke bangg,setuju,master_wa
oke ka jam 4/5 ya saya ambil,oke ka jam ya saya ambil,setuju,master_wa
boleh bang,boleh bang,setuju,master_wa
Oke boleh kak lnjutkan,oke boleh kak lnjutkan,setuju,master_wa
Iya kak lanjutkan 🙏🏻,iya kak lanjutkan,setuju,master_wa
Oke kak info jak,oke kak info jak,setuju,master_wa
Baiklah kak,baiklah kak,setuju,master_wa
Sye bwa ja dlu nngu kumpulkan uang bru cobe prbaiki,sye bwa ja dlu nngu kumpulkan uang bru cobe prbaiki,setuju,master_wa
Ok bentar lagi saya ke situ,ok bentar lagi saya ke situ,setuju,master_wa
Oke sip bg terimakasih infonya,oke sip bg terimakasih infonya,setuju,master_wa
"Baik, Tapi malam ini sudah selesaikan pak seperti kesepakatan kita tadi malam ?",baik tapi malam ini sudah selesaikan pak seperti kesepakatan kita tadi malam,setuju,master_wa
Bedanya di ganti sama servis apa nya bang,bedanya di ganti sama servis apa nya bang,setuju,master_wa
Ok bng,ok bng,setuju,master_wa
kamek sie dolok jak bentar lagi bang,kamek sie dolok jak bentar lagi bang,setuju,master_wa
tahan jak lok bang,tahan jak lok bang,setuju,master_wa
Sian harapan ke dah ratinye selaing ganti masen,sian harapan ke dah ratinye selaing ganti masen,setuju,master_wa
Ndk jadi ganti aja kak,ndk jadi ganti aja kak,setuju,master_wa
Salah kak maksudnya jangan ganti,salah kak maksudnya jangan ganti,setuju,master_wa
Makanya saya tidak ganti kak,makanya saya tidak ganti kak,setuju,master_wa
"Lupa nanya kmrn, klu ganti speaker laptop yg kmrn brp.",lupa nanya kmrn klu ganti speaker laptop yg kmrn brp,setuju,master_wa
Boleh,boleh,setuju,master_wa
Nnti malam atau besok bisa gak,nnti malam atau besok bisa gak,setuju,master_wa
"Okee,sebentr lagi saya ambil ya",okeesebentr lagi saya ambil ya,setuju,master_wa
"Bg balek sye dri mall jk ye sye ambek nye,mau buat tugas lain dlu soal nya",bg balek sye dri mall jk ye sye ambek nyemau buat tugas lain dlu soal nya,setuju,master_wa
"Siang, oke",siang oke,setuju,master_wa
Oke bang,oke bang,setuju,master_wa
okeii bg,okeii bg,setuju,master_wa
oke bg saya bawa ke sana,oke bg saya bawa ke sana,setuju,master_wa
apakah ada yg perlu diperbaiki bg?,apakah ada yg perlu diperbaiki bg,setuju,master_wa
laptonya udh boleh diambil kah bg,laptonya udh boleh diambil kah bg,setuju,master_wa
ok bg nnt bpk saya yg ambil,ok bg nnt bpk saya yg ambil,setuju,master_wa
soalny tiap saya tinggl bntr laptop tu tibe” blue screen trs file ny tu terapus yg udh saya kerjakan,soalny tiap saya tinggl bntr laptop tu tibe blue screen trs file ny tu terapus yg udh saya kerjakan,setuju,master_wa
oke bg,oke bg,setuju,master_wa
okei bg terimakasih ya,okei bg terimakasih ya,setuju,master_wa
ok sya kasi tau orng nya dlu ya,ok sya kasi tau orng nya dlu ya,setuju,master_wa
boleh katanya bg,boleh katanya bg,setuju,master_wa
ok,ok,setuju,master_wa
ganti katanya bg,ganti katanya bg,setuju,master_wa
okee,okee,setuju,master_wa
besok buka jamber,besok buka jamber,setuju,master_wa
kir besok udh selesai ga ya soalnya mau dipake,kir besok udh selesai ga ya soalnya mau dipake,setuju,master_wa
brp total ganti nya bg,brp total ganti nya bg,setuju,master_wa
oke gas bg,oke gas bg,setuju,master_wa
yauda ganti dlu aja bg,yauda ganti dlu aja bg,setuju,master_wa
ganti bg,ganti bg,setuju,master_wa
okee,okee,setuju,master_wa
ok bg,ok bg,setuju,master_wa
bg kok laptop nya udh ga idup sma skli,bg kok laptop nya udh ga idup sma skli,setuju,master_wa
"kira kira kalo saya mau jual macbook pro 2017 touchbar 15"", dapat di berapa ya?",kira kira kalo saya mau jual macbook pro touchbar dapat di berapa ya,setuju,master_wa
lagi berhalangan untuk datang ke tokonsoalnya 🙏🏾,lagi berhalangan untuk datang ke tokonsoalnya,setuju,master_wa
"oke kak, thankyou",oke kak thankyou,setuju,master_wa
baik bang,baik bang,setuju,master_wa
Laptop nya boleh diambil kapan bu?,laptop nya boleh diambil kapan bu,setuju,master_wa
"Yaudah gpp pak, gak jadi diperbaiki",yaudah gpp pak gak jadi diperbaiki,setuju,master_wa
Ok makasih infonya,ok makasih infonya,setuju,master_wa
Diskon dikit boleh bu?,diskon dikit boleh bu,setuju,master_wa
oke sore ya kak,oke sore ya kak,setuju,master_wa
besok jak kak,besok jak kak,setuju,master_wa
"Boleh, kapan bisa selesai bu",boleh kapan bisa selesai bu,setuju,master_wa
Ok bu makasih,ok bu makasih,setuju,master_wa
Diskon dikit boleh bg?,diskon dikit boleh bg,setuju,master_wa
"Yaudah gpp bg, gak jadi diperbaiki",yaudah gpp bg gak jadi diperbaiki,setuju,master_wa
Diskon dikit boleh bg?,diskon dikit boleh bg,setuju,master_wa
Ok,ok,setuju,master_wa
Okey bang,okey bang,setuju,master_wa
"Bg infokan secepatnya ya kpn bisa di ambil, soalnya lgi butuh 🙏",bg infokan secepatnya ya kpn bisa di ambil soalnya lgi butuh,setuju,master_wa
Okey bang,okey bang,setuju,master_wa
Okey bg,okey bg,setuju,master_wa
"Yaudah gpp bu, gak jadi diperbaiki",yaudah gpp bu gak jadi diperbaiki,setuju,master_wa
Okee,okee,setuju,master_wa
"Yaudah gpp kak, gak jadi diperbaiki",yaudah gpp kak gak jadi diperbaiki,setuju,master_wa
Baik bang terimakasi besok bole saya bawa kesitu ya bang,baik bang terimakasi besok bole saya bawa kesitu ya bang,setuju,master_wa
"Oke pak, jadi diperbaiki",oke pak jadi diperbaiki,setuju,master_wa
oke nnti saya bawa,oke nnti saya bawa,setuju,master_wa
oke bg,oke bg,setuju,master_wa
besok sya ambil yah bg,besok sya ambil yah bg,setuju,master_wa
oke bg,oke bg,setuju,master_wa
bg besok yk sye ambil nd sempat hri ni,bg besok yk sye ambil nd sempat hri ni,setuju,master_wa
Diskon dikit boleh kak?,diskon dikit boleh kak,setuju,master_wa
oke min,oke min,setuju,master_wa
"Oke bang, baru mau dichat padahal",oke bang baru mau dichat padahal,setuju,master_wa
soalnya cuman buat tugas jaa bang,soalnya cuman buat tugas jaa bang,setuju,master_wa
okee mksih bang harganya sama atau beda bang,okee mksih bang harganya sama atau beda bang,setuju,master_wa
besok udah bisa ambilkan bang,besok udah bisa ambilkan bang,setuju,master_wa
okee makasihhh banggg,okee makasihhh banggg,setuju,master_wa
"Oke pak, jadi diperbaiki",oke pak jadi diperbaiki,setuju,master_wa
Ok pak makasih,ok pak makasih,setuju,master_wa
okey bang,okey bang,setuju,master_wa
berarti harus di ganti keyboard ny dlu baru bisa di instal ulang kak,berarti harus di ganti keyboard ny dlu baru bisa di instal ulang kak,setuju,master_wa
Oke... Ditunggu info lanjutan. Setelah cek ulang. TRIms 🙏,oke ditunggu info lanjutan setelah cek ulang trims,setuju,master_wa
"Selamat pagii .. update kondisi laptop Lenovo yg saya titip kemarin.? Apakah bisa diperbaiki atau ada part yg hrs ganti?

TRIms 🙏",selamat pagii update kondisi laptop lenovo yg saya titip kemarin apakah bisa diperbaiki atau ada part yg hrs ganti trims,setuju,master_wa
Utk LCD touchscreen mungkin tak apalah tak bisa diperbaiki atau diganti LCD nya,utk lcd touchscreen mungkin tak apalah tak bisa diperbaiki atau diganti lcd nya,setuju,master_wa
Ok.info lanjutan ditunggu. Trims,okinfo lanjutan ditunggu trims,setuju,master_wa
Ok.. besok saya ambil laptop nya. TRIms 🙏,ok besok saya ambil laptop nya trims,setuju,master_wa
Oke bang,oke bang,setuju,master_wa
Oke,oke,setuju,master_wa
"Yaudah gpp kak, gak jadi diperbaiki",yaudah gpp kak gak jadi diperbaiki,setuju,master_wa
oke bang,oke bang,setuju,master_wa
Diskon dikit boleh pak?,diskon dikit boleh pak,setuju,master_wa
"siang kak, mau tanya ganti baterai laptop dell inspiron 5405 bs ga ya",siang kak mau tanya ganti baterai laptop dell inspiron bs ga ya,setuju,master_wa
"Yaudah gpp kak, gak jadi diperbaiki",yaudah gpp kak gak jadi diperbaiki,setuju,master_wa
Infokan ya bg kalau dh selesai,infokan ya bg kalau dh selesai,setuju,master_wa
Ok,ok,setuju,master_wa
Ok bg nanti yaa bg saya ambil nya nanti saya infokan kalau mau ngambilnya,ok bg nanti yaa bg saya ambil nya nanti saya infokan kalau mau ngambilnya,setuju,master_wa
Besok saya ngambil nya bg,besok saya ngambil nya bg,setuju,master_wa
Boleh di tf,boleh di tf,setuju,master_wa
"Bang 
Tutup jam brp toko ny?",bang tutup jam brp toko ny,setuju,master_wa
"Okela bang
Nnti saye kesitu klw udh nd ujan",okela bang nnti saye kesitu klw udh nd ujan,setuju,master_wa
"Okela bang nanti saya pikirkan dulu 
Klo laptopnya disiitu dulu ndk apa kan bang?",okela bang nanti saya pikirkan dulu klo laptopnya disiitu dulu ndk apa kan bang,setuju,master_wa
okey bang terimakasih,okey bang terimakasih,setuju,master_wa
Laptop nya boleh diambil kapan bang?,laptop nya boleh diambil kapan bang,setuju,master_wa
besok ya bg sepulang kuliah,besok ya bg sepulang kuliah,setuju,master_wa
kalau boleh tau buka dri jam brp bg?,kalau boleh tau buka dri jam brp bg,setuju,master_wa
Oke bg,oke bg,setuju,master_wa
Boleh krim norek nya nda,boleh krim norek nya nda,setuju,master_wa
Ok makasih infonya,ok makasih infonya,setuju,master_wa
oke,oke,setuju,master_wa
Oke Bg,oke bg,setuju,master_wa
"Ok sip, lanjut ganti nya bu",ok sip lanjut ganti nya bu,setuju,master_wa
Ok makasih,ok makasih,setuju,master_wa
perbaikannya berapa lama ya bang?,perbaikannya berapa lama ya bang,setuju,master_wa
Okee bang,okee bang,setuju,master_wa
iyaa boleh bang,iyaa boleh bang,setuju,master_wa
Mungkin besok baru saya bisa ambil🙏🙏,mungkin besok baru saya bisa ambil,setuju,master_wa
Oky makasih bang ya,oky makasih bang ya,setuju,master_wa
"okeyy bangg, makasihh banyakk",okeyy bangg makasihh banyakk,setuju,master_wa
okeyy,okeyy,setuju,master_wa
Baik bang,baik bang,setuju,master_wa
"Ok sip, lanjut ganti nya kak",ok sip lanjut ganti nya kak,setuju,master_wa
Besok siang saya ke toko lgi bg soal ny seklian ke kampus,besok siang saya ke toko lgi bg soal ny seklian ke kampus,setuju,master_wa
Klo ssd yg bermasalah itu mau di ganti ap gmn bg,klo ssd yg bermasalah itu mau di ganti ap gmn bg,setuju,master_wa
Oke bg nanti laptop ny saya ambil ke toko,oke bg nanti laptop ny saya ambil ke toko,setuju,master_wa
Laptop nya boleh diambil kapan bu?,laptop nya boleh diambil kapan bu,setuju,master_wa
"Waalaikumsalam, ini sudah diperbaiki atau belum bg?",waalaikumsalam ini sudah diperbaiki atau belum bg,setuju,master_wa
Oh oke sebentar ya,oh oke sebentar ya,setuju,master_wa
Okke bg,okke bg,setuju,master_wa
Oke,oke,setuju,master_wa
Okke sore ya,okke sore ya,setuju,master_wa
Okelah bg,okelah bg,setuju,master_wa
"Sore kak, baik terimakasih kak saya konfirmasi dulu ya kak sama orang tua kalau laptopnya sudah selesai",sore kak baik terimakasih kak saya konfirmasi dulu ya kak sama orang tua kalau laptopnya sudah selesai,setuju,master_wa
"Oiya baik kak, nanti hari ini diambil",oiya baik kak nanti hari ini diambil,setuju,master_wa
Diskon dikit boleh bg?,diskon dikit boleh bg,setuju,master_wa
Laptop nya boleh diambil kapan bg?,laptop nya boleh diambil kapan bg,setuju,master_wa
"assalamualaikum kak, laptop saya lenovo ada-v14, 5 hari lalu ketumpahan air disekitar keyboard esc, 1, 2 3 sampai tombol power. hari ini muncul garis garis di bawah, kira kira ini ganti lcd berapa ya kak?",assalamualaikum kak laptop saya lenovo adav hari lalu ketumpahan air disekitar keyboard esc sampai tombol power hari ini muncul garis garis di bawah kira kira ini ganti lcd berapa ya kak,setuju,master_wa
"keyboard aman sih kak, masih work semua
itu lcdnya IPS atau bukan kak?",keyboard aman sih kak masih work semua itu lcdnya ips atau bukan kak,setuju,master_wa
"Yaudah gpp bg, gak jadi diperbaiki",yaudah gpp bg gak jadi diperbaiki,setuju,master_wa
Boleh Bg,boleh bg,setuju,master_wa
Oh boleh lh Bg,oh boleh lh bg,setuju,master_wa
Ok terimakasih Bg,ok terimakasih bg,setuju,master_wa
Kemungkinan besok atau Senin lah Bg langsung kuliah,kemungkinan besok atau senin lah bg langsung kuliah,setuju,master_wa
Ok baik Bg,ok baik bg,setuju,master_wa
Oh ok lh terimakasih ya Bg,oh ok lh terimakasih ya bg,setuju,master_wa
Besok bukak jam berapa Bg,besok bukak jam berapa bg,setuju,master_wa
Klok Ade motor malam ini saya ambil Bg,klok ade motor malam ini saya ambil bg,setuju,master_wa
Klok tk Ade besok lah ye Bg,klok tk ade besok lah ye bg,setuju,master_wa
Jam brpa tutup tokonya bang,jam brpa tutup tokonya bang,setuju,master_wa
Oke,oke,setuju,master_wa
"oke bang, nda ad masalah lain kan?",oke bang nda ad masalah lain kan,setuju,master_wa
"okay bang kalo begitu, ty",okay bang kalo begitu ty,setuju,master_wa
okay,okay,setuju,master_wa
"Ok 
Pembayaran bisa menggunakan qris/TF?",ok pembayaran bisa menggunakan qristf,setuju,master_wa
Bisa d kerjakan mlm ini lngsung kalo ad teknisinya ?,bisa d kerjakan mlm ini lngsung kalo ad teknisinya,setuju,master_wa
"Ok
Bntar",ok bntar,setuju,master_wa
Ok,ok,setuju,master_wa
"Yg abg blg kmren kalau lptop sy bnyak karatanny, gmn tu bng ?
Aman k kalo udh ganti mesinnya?",yg abg blg kmren kalau lptop sy bnyak karatanny gmn tu bng aman k kalo udh ganti mesinnya,setuju,master_wa
"Okedeh
Besok sy antar lptopny bng",okedeh besok sy antar lptopny bng,setuju,master_wa
Ok,ok,setuju,master_wa
"Gpp dh bg, gak usah diperbaiki, laptop e udh lama juga",gpp dh bg gak usah diperbaiki laptop e udh lama juga,setuju,master_wa
Ok pak,ok pak,setuju,master_wa
Diskon dikit boleh bu?,diskon dikit boleh bu,setuju,master_wa
Diskon dikit boleh bang?,diskon dikit boleh bang,setuju,master_wa
Asus Vivobook A416JA terima jual brp kk?,asus vivobook aja terima jual brp kk,setuju,master_wa
"Ok jadi bu, tolong dikerjain ya",ok jadi bu tolong dikerjain ya,setuju,master_wa
Ok makasih,ok makasih,setuju,master_wa
ok bng saya otw skrg,ok bng saya otw skrg,setuju,master_wa
gaada obeng bng hehe besok saya ksna ya😅,gaada obeng bng hehe besok saya ksna ya,setuju,master_wa
Ok,ok,setuju,master_wa
Ok,ok,setuju,master_wa
baik bg besok siang saya ambil,baik bg besok siang saya ambil,setuju,master_wa
udh tipis tu ap nye ye bg yg tipis klo boleh tau,udh tipis tu ap nye ye bg yg tipis klo boleh tau,setuju,master_wa
framenye bakal pecah agi klo udh diperbaiki?,framenye bakal pecah agi klo udh diperbaiki,setuju,master_wa
klo mau ganti frame berape ye bg,klo mau ganti frame berape ye bg,setuju,master_wa
untuk layarnye aman nd bg? abang udh cobe hidupin belum?,untuk layarnye aman nd bg abang udh cobe hidupin belum,setuju,master_wa
emm oke bg makasi bg,emm oke bg makasi bg,setuju,master_wa
kenak harga brp bang kalo ganti frame depan belakang,kenak harga brp bang kalo ganti frame depan belakang,setuju,master_wa
aman lcd nya kan bang,aman lcd nya kan bang,setuju,master_wa
oke bg makasi mungkin mingdep saye ambek laptopnye bg,oke bg makasi mungkin mingdep saye ambek laptopnye bg,setuju,master_wa
bg besok saye ambek laptop e,bg besok saye ambek laptop e,setuju,master_wa
Baik bang,baik bang,setuju,master_wa
Selamat pagi.. Laptop saya udh di perbaiki kah,selamat pagi laptop saya udh di perbaiki kah,setuju,master_wa
Baik bang,baik bang,setuju,master_wa
Baik bang.. Tutup toko jam brp ya,baik bang tutup toko jam brp ya,setuju,master_wa
Baik.. Nnti saya ke sana ya,baik nnti saya ke sana ya,setuju,master_wa
"Baik la, otw",baik la otw,setuju,master_wa
iyaa okeey,iyaa okeey,setuju,master_wa
jambrp tutup toko?,jambrp tutup toko,setuju,master_wa
Ok,ok,setuju,master_wa
"besok saya ambil leptop nya ,hujan kak",besok saya ambil leptop nya hujan kak,setuju,master_wa
Dokumen yg di data D nya?,dokumen yg di data d nya,setuju,master_wa
Okee min,okee min,setuju,master_wa
Laptop nya boleh diambil kapan kak?,laptop nya boleh diambil kapan kak,setuju,master_wa
"Owh iya bang boleh
Mau nnyk bang apa ad garansi nya?",owh iya bang boleh mau nnyk bang apa ad garansi nya,setuju,master_wa
Okeee,okeee,setuju,master_wa
Iya baik bang,iya baik bang,setuju,master_wa
"Owh oke bang 
Kemungkinan bsk saya ambil lep top nya",owh oke bang kemungkinan bsk saya ambil lep top nya,setuju,master_wa
"Iya baik bang 
Mksih",iya baik bang mksih,setuju,master_wa
Gmn besok aja saya ke sana mas,gmn besok aja saya ke sana mas,setuju,master_wa
oke ka tar ya balik ngampus,oke ka tar ya balik ngampus,setuju,master_wa
Oke,oke,setuju,master_wa
besok buka ke bang,besok buka ke bang,setuju,master_wa
oke besok saye kesana bang,oke besok saye kesana bang,setuju,master_wa
"siang bang, mau tanya untuk laptop ultrabook yang 2jtaan ada ga bang",siang bang mau tanya untuk laptop ultrabook yang jtaan ada ga bang,setuju,master_wa
baik bang saya mau🙏,baik bang saya mau,setuju,master_wa
baik bang terimakasih🙏,baik bang terimakasih,setuju,master_wa
baik pak nanti agak sore saya ambil kesitu,baik pak nanti agak sore saya ambil kesitu,setuju,master_wa
"Ok sip, lanjut ganti nya bu",ok sip lanjut ganti nya bu,setuju,master_wa
"Wa'alaikumussalam, oke bang",waalaikumussalam oke bang,setuju,master_wa
okes siap bang,okes siap bang,setuju,master_wa
okee bang,okee bang,setuju,master_wa
okee bang,okee bang,setuju,master_wa
bsok buka ke bang ?,bsok buka ke bang,setuju,master_wa
diambil bsok ya bang,diambil bsok ya bang,setuju,master_wa
Waalaikumussalam oke bang,waalaikumussalam oke bang,setuju,master_wa
Okee bg,okee bg,setuju,master_wa
ohh oke bang untuk harga berapa ya bang,ohh oke bang untuk harga berapa ya bang,setuju,master_wa
ok bang nnti malam bisa saya ambil ga sekitar jam setengah 9,ok bang nnti malam bisa saya ambil ga sekitar jam setengah,setuju,master_wa
ok bang,ok bang,setuju,master_wa
okeh,okeh,setuju,kuesioner_dialek
"Sikat jak bang, tpi saye nak nunggu disitok bise ke?",sikat jak bang tpi saye nak nunggu disitok bise ke,setuju,kuesioner_dialek
boleh kak,boleh kak,setuju,kuesioner_dialek
"Sikat jak bang, tpi saye nak nunggu disitok bise ke?",sikat jak bang tpi saye nak nunggu disitok bise ke,setuju,kuesioner_dialek
Lanjut pak,lanjut pak,setuju,kuesioner_dialek
"Gass bah min, cepatkan sikit ye soale saye nak ujian",gass bah min cepatkan sikit ye soale saye nak ujian,setuju,kuesioner_dialek
lanjut bg,lanjut bg,setuju,kuesioner_dialek
okeyy bg,okeyy bg,setuju,kuesioner_dialek
Boleh bg,boleh bg,setuju,kuesioner_dialek
"Gass bg, asalkan betol-betol bagus lepas diperbaiki",gass bg asalkan betolbetol bagus lepas diperbaiki,setuju,kuesioner_dialek
Okey,okey,setuju,kuesioner_dialek
"Kerjekan jak pak, minta tolong dibersihkan debunye sekalian",kerjekan jak pak minta tolong dibersihkan debunye sekalian,setuju,kuesioner_dialek
lanjut bg,lanjut bg,setuju,kuesioner_dialek
"Aok min, kerjekan jak lok. Tpi jangan diinstal ulang ye datanye",aok min kerjekan jak lok tpi jangan diinstal ulang ye datanye,setuju,kuesioner_dialek
Boleh bg,boleh bg,setuju,kuesioner_dialek
"Kerjekan jak pak, minta tolong dibersihkan debunye sekalian",kerjekan jak pak minta tolong dibersihkan debunye sekalian,setuju,kuesioner_dialek
Setuju,setuju,setuju,kuesioner_dialek
"Aok bang, tolong cepatkan jak bah soale nak dipakai begawe",aok bang tolong cepatkan jak bah soale nak dipakai begawe,setuju,kuesioner_dialek
Lanjot,lanjot,setuju,kuesioner_dialek
"Aok bang lanjot jak, tpi bsok pagi kamek ambek bise ke?",aok bang lanjot jak tpi bsok pagi kamek ambek bise ke,setuju,kuesioner_dialek
Setuju,setuju,setuju,kuesioner_dialek
"Aok min, kerjekan jak lok. Tpi jangan diinstal ulang ye datanye",aok min kerjekan jak lok tpi jangan diinstal ulang ye datanye,setuju,kuesioner_dialek
boleh bg,boleh bg,setuju,kuesioner_dialek
"Aok bang, tolong cepatkan jak bah soale nak dipakai begawe",aok bang tolong cepatkan jak bah soale nak dipakai begawe,setuju,kuesioner_dialek
Oke setuju,oke setuju,setuju,kuesioner_dialek
"Kerjekan jak pak, minta tolong dibersihkan debunye sekalian",kerjekan jak pak minta tolong dibersihkan debunye sekalian,setuju,kuesioner_dialek
Sip min,sip min,setuju,kuesioner_dialek
alahmakk kenak dah lcd nye ye. nd apelah bang gas jak biar cepat betol nye. kalo bise hari ini ye bang,alahmakk kenak dah lcd nye ye nd apelah bang gas jak biar cepat betol nye kalo bise hari ini ye bang,setuju,kuesioner_dialek
Sip min,sip min,setuju,kuesioner_dialek
"Lanjut jak pak, tlong dicek gak kipasnye sekalian",lanjut jak pak tlong dicek gak kipasnye sekalian,setuju,kuesioner_dialek
Okey,okey,setuju,kuesioner_dialek
"Gass bah min, cepatkan sikit ye soale saye nak ujian",gass bah min cepatkan sikit ye soale saye nak ujian,setuju,kuesioner_dialek
Sip min,sip min,setuju,kuesioner_dialek
"Sikat jak bang, tpi saye nak nunggu disitok bise ke?",sikat jak bang tpi saye nak nunggu disitok bise ke,setuju,kuesioner_dialek
Boleh min,boleh min,setuju,kuesioner_dialek
"Okelah bang, ganti jak lok yg rusak tu",okelah bang ganti jak lok yg rusak tu,setuju,kuesioner_dialek
Okey,okey,setuju,kuesioner_dialek
"Lanjot jak min, tolong kabarin mun dah nyale",lanjot jak min tolong kabarin mun dah nyale,setuju,kuesioner_dialek
Setuju bg,setuju bg,setuju,kuesioner_dialek
"Aok bang lanjot jak, tpi bsok pagi kamek ambek bise ke?",aok bang lanjot jak tpi bsok pagi kamek ambek bise ke,setuju,kuesioner_dialek
Setuju,setuju,setuju,kuesioner_dialek
"Aok kak, gass jak. Bise kelar ari itok ndak kak?",aok kak gass jak bise kelar ari itok ndak kak,setuju,kuesioner_dialek
okey bg/kak,okey bgkak,setuju,kuesioner_dialek
"Okelah bang, lanjot jak. Tpi saye nak nengok lok komponen rusaknya nnti",okelah bang lanjot jak tpi saye nak nengok lok komponen rusaknya nnti,setuju,kuesioner_dialek
Lanjot,lanjot,setuju,kuesioner_dialek
"Aok pak, sikat jak. Nnti saye ke situ ambeknye",aok pak sikat jak nnti saye ke situ ambeknye,setuju,kuesioner_dialek
Sip,sip,setuju,kuesioner_dialek
"Aok bg, gas jak bah nak cepat make kamek ni",aok bg gas jak bah nak cepat make kamek ni,setuju,kuesioner_dialek
"Halo, iy blh",halo iy blh,setuju,kuesioner_dialek
"Lanjut jak bg, tpi datanya jgn sampai ilang ye bg",lanjut jak bg tpi datanya jgn sampai ilang ye bg,setuju,kuesioner_dialek
Sip min,sip min,setuju,kuesioner_dialek
"Okelah bang, ganti jak lok yg rusak tu",okelah bang ganti jak lok yg rusak tu,setuju,kuesioner_dialek
Oke setuju,oke setuju,setuju,kuesioner_dialek
"gass kan yak kak, saye nak make cepat bah soalnye",gass kan yak kak saye nak make cepat bah soalnye,setuju,kuesioner_dialek
boleh bg,boleh bg,setuju,kuesioner_dialek
nanti inpokan kalo udah ye,nanti inpokan kalo udah ye,setuju,kuesioner_dialek
okeh bg,okeh bg,setuju,kuesioner_dialek
"boleh tuh bang santai jak lok, besok saye ambek",boleh tuh bang santai jak lok besok saye ambek,setuju,kuesioner_dialek
Sip min,sip min,setuju,kuesioner_dialek
"Lanjot jak min, tolong kabarin mun dah nyale",lanjot jak min tolong kabarin mun dah nyale,setuju,kuesioner_dialek
Sip min,sip min,setuju,kuesioner_dialek
alahmakk kenak dah lcd nye ye. nd apelah bang gas jak biar cepat betol nye. kalo bise hari ini ye bang,alahmakk kenak dah lcd nye ye nd apelah bang gas jak biar cepat betol nye kalo bise hari ini ye bang,setuju,kuesioner_dialek
Lanjot bang,lanjot bang,setuju,kuesioner_dialek
"Aok bg, betolkan jak lok. Saye ngikut yak",aok bg betolkan jak lok saye ngikut yak,setuju,kuesioner_dialek
s7 bg,s bg,setuju,kuesioner_dialek
"Lanjut jak bg, tpi datanya jgn sampai ilang ye bg",lanjut jak bg tpi datanya jgn sampai ilang ye bg,setuju,kuesioner_dialek
Oke,oke,setuju,kuesioner_dialek
"Lanjot jak lok bg, nnti malam sye balek kerje saye ambek",lanjot jak lok bg nnti malam sye balek kerje saye ambek,setuju,kuesioner_dialek
Sip,sip,setuju,kuesioner_dialek
"Y bg, lanjot jak asal bise main game agik laptopnye",y bg lanjot jak asal bise main game agik laptopnye,setuju,kuesioner_dialek
okeh bg,okeh bg,setuju,kuesioner_dialek
"Lanjut jak bg, tpi datanya jgn sampai ilang ye bg",lanjut jak bg tpi datanya jgn sampai ilang ye bg,setuju,kuesioner_dialek
okeh,okeh,setuju,kuesioner_dialek
"Sikat jak bang, tpi saye nak nunggu disitok bise ke?",sikat jak bang tpi saye nak nunggu disitok bise ke,setuju,kuesioner_dialek
Gas bang,gas bang,setuju,kuesioner_dialek
"Aok bg, gas jak bah nak cepat make kamek ni",aok bg gas jak bah nak cepat make kamek ni,setuju,kuesioner_dialek
Boleh min,boleh min,setuju,kuesioner_dialek
"Aok bang lanjot jak, tpi bsok pagi kamek ambek bise ke?",aok bang lanjot jak tpi bsok pagi kamek ambek bise ke,setuju,kuesioner_dialek
boleh bg,boleh bg,setuju,kuesioner_dialek
"Aok bang lanjot jak, tpi bsok pagi kamek ambek bise ke?",aok bang lanjot jak tpi bsok pagi kamek ambek bise ke,setuju,kuesioner_dialek
Okeh,okeh,setuju,kuesioner_dialek
"Gass jak bang, tapi kamek mintak selesaikan hari itok juak ye",gass jak bang tapi kamek mintak selesaikan hari itok juak ye,setuju,kuesioner_dialek
Okeh,okeh,setuju,kuesioner_dialek
okeyy bg,okeyy bg,setuju,kuesioner_dialek
oke bg,oke bg,setuju,kuesioner_dialek
"gass kan yak kak, saye nak make cepat bah soalnye",gass kan yak kak saye nak make cepat bah soalnye,setuju,kuesioner_dialek
setuju,setuju,setuju,kuesioner_dialek
"Aok pak, sikat jak. Nnti saye ke situ ambeknye",aok pak sikat jak nnti saye ke situ ambeknye,setuju,kuesioner_dialek
Okeh,okeh,setuju,kuesioner_dialek
"Betolkan jak bah, asal rapi yak kerjenye",betolkan jak bah asal rapi yak kerjenye,setuju,kuesioner_dialek
Boleh bg,boleh bg,setuju,kuesioner_dialek
"Aok bg, betolkan jak lok. Saye ngikut yak",aok bg betolkan jak lok saye ngikut yak,setuju,kuesioner_dialek
Lanjot,lanjot,setuju,kuesioner_dialek
"gass kan yak kak, saye nak make cepat bah soalnye",gass kan yak kak saye nak make cepat bah soalnye,setuju,kuesioner_dialek
okeh min,okeh min,setuju,kuesioner_dialek
"Kerjekan jak lok bang, nnti saye transfer dp-nye",kerjekan jak lok bang nnti saye transfer dpnye,setuju,kuesioner_dialek
setuju bg,setuju bg,setuju,kuesioner_dialek
"gass kan yak kak, saye nak make cepat bah soalnye",gass kan yak kak saye nak make cepat bah soalnye,setuju,kuesioner_dialek
Sip,sip,setuju,kuesioner_dialek
"Okelah bang, ganti jak lok yg rusak tu",okelah bang ganti jak lok yg rusak tu,setuju,kuesioner_dialek
setuju kak,setuju kak,setuju,kuesioner_dialek
"Aok bang, tapi bise dikerjekan hari itok ke?",aok bang tapi bise dikerjekan hari itok ke,setuju,kuesioner_dialek
lanjut bg,lanjut bg,setuju,kuesioner_dialek
"Okeee min, Inpo klo udah",okeee min inpo klo udah,setuju,kuesioner_dialek
Lanjot bang,lanjot bang,setuju,kuesioner_dialek
"Okeee min, Inpo klo udah",okeee min inpo klo udah,setuju,kuesioner_dialek
Setuju bg,setuju bg,setuju,kuesioner_dialek
"Aok bang lanjot jak, tpi bsok pagi kamek ambek bise ke?",aok bang lanjot jak tpi bsok pagi kamek ambek bise ke,setuju,kuesioner_dialek
Boleh bg,boleh bg,setuju,kuesioner_dialek
"Gass bah min, cepatkan sikit ye soale saye nak ujian",gass bah min cepatkan sikit ye soale saye nak ujian,setuju,kuesioner_dialek
Ljt yak bg,ljt yak bg,setuju,kuesioner_dialek
"Aok bg, gas jak bah nak cepat make kamek ni",aok bg gas jak bah nak cepat make kamek ni,setuju,kuesioner_dialek
Lanjut pak,lanjut pak,setuju,kuesioner_dialek
"Gass jak kak, tpi kalo ade rusak lain tolong inpo dolo ye",gass jak kak tpi kalo ade rusak lain tolong inpo dolo ye,setuju,kuesioner_dialek
oke minnnn,oke minnnn,setuju,kuesioner_dialek
"Lanjot jak lok bg, nnti malam sye balek kerje saye ambek",lanjot jak lok bg nnti malam sye balek kerje saye ambek,setuju,kuesioner_dialek
Sip,sip,setuju,kuesioner_dialek
"Aok kak, gass jak. Bise kelar ari itok ndak kak?",aok kak gass jak bise kelar ari itok ndak kak,setuju,kuesioner_dialek
Oke setuju,oke setuju,setuju,kuesioner_dialek
"Lanjut jak bg, tpi datanya jgn sampai ilang ye bg",lanjut jak bg tpi datanya jgn sampai ilang ye bg,setuju,kuesioner_dialek
Setuju bg,setuju bg,setuju,kuesioner_dialek
"Aok bang lanjot jak, tpi bsok pagi kamek ambek bise ke?",aok bang lanjot jak tpi bsok pagi kamek ambek bise ke,setuju,kuesioner_dialek
Setuju bg,setuju bg,setuju,kuesioner_dialek
"Lanjot jak lok bg, nnti malam sye balek kerje saye ambek",lanjot jak lok bg nnti malam sye balek kerje saye ambek,setuju,kuesioner_dialek
Oke,oke,setuju,kuesioner_dialek
"Kerjekan jak pak, minta tolong dibersihkan debunye sekalian",kerjekan jak pak minta tolong dibersihkan debunye sekalian,setuju,kuesioner_dialek
oke inpo nanti bg,oke inpo nanti bg,setuju,kuesioner_dialek
"Lanjot jak lok bg, nnti malam sye balek kerje saye ambek",lanjot jak lok bg nnti malam sye balek kerje saye ambek,setuju,kuesioner_dialek
Okeh,okeh,setuju,kuesioner_dialek
alahmakk kenak dah lcd nye ye. nd apelah bang gas jak biar cepat betol nye. kalo bise hari ini ye bang,alahmakk kenak dah lcd nye ye nd apelah bang gas jak biar cepat betol nye kalo bise hari ini ye bang,setuju,kuesioner_dialek
Gas bang,gas bang,setuju,kuesioner_dialek
"Lanjut jak bg, tpi datanya jgn sampai ilang ye bg",lanjut jak bg tpi datanya jgn sampai ilang ye bg,setuju,kuesioner_dialek
s7 kakkk,s kakkk,setuju,kuesioner_dialek
okeyy bg,okeyy bg,setuju,kuesioner_dialek
Ok sip,ok sip,setuju,kuesioner_dialek
"Aok min, kerjekan jak lok. Tpi jangan diinstal ulang ye datanye",aok min kerjekan jak lok tpi jangan diinstal ulang ye datanye,setuju,kuesioner_dialek
Oke,oke,setuju,kuesioner_dialek
"Gass jak kak, tpi kalo ade rusak lain tolong inpo dolo ye",gass jak kak tpi kalo ade rusak lain tolong inpo dolo ye,setuju,kuesioner_dialek
"Halo, iy blh",halo iy blh,setuju,kuesioner_dialek
"Aok pak, sikat jak. Nnti saye ke situ ambeknye",aok pak sikat jak nnti saye ke situ ambeknye,setuju,kuesioner_dialek
Okey,okey,setuju,kuesioner_dialek
"Sikat jak bang, biar kamek pakai buat nugas ari itok",sikat jak bang biar kamek pakai buat nugas ari itok,setuju,kuesioner_dialek
Gas bang,gas bang,setuju,kuesioner_dialek
"Lanjot jak lok bg, nnti malam sye balek kerje saye ambek",lanjot jak lok bg nnti malam sye balek kerje saye ambek,setuju,kuesioner_dialek
Oke setuju,oke setuju,setuju,kuesioner_dialek
"Sikat jak bang, biar kamek pakai buat nugas ari itok",sikat jak bang biar kamek pakai buat nugas ari itok,setuju,kuesioner_dialek
Oke setuju,oke setuju,setuju,kuesioner_dialek
"Sikat jak bang, biar kamek pakai buat nugas ari itok",sikat jak bang biar kamek pakai buat nugas ari itok,setuju,kuesioner_dialek
Gas min,gas min,setuju,kuesioner_dialek
"Aok min, kerjekan jak lok. Tpi jangan diinstal ulang ye datanye",aok min kerjekan jak lok tpi jangan diinstal ulang ye datanye,setuju,kuesioner_dialek
Gas bang,gas bang,setuju,kuesioner_dialek
"Gass bg, asalkan betol-betol bagus lepas diperbaiki",gass bg asalkan betolbetol bagus lepas diperbaiki,setuju,kuesioner_dialek
oke bg,oke bg,setuju,kuesioner_dialek
"Lanjut jak bg, tpi datanya jgn sampai ilang ye bg",lanjut jak bg tpi datanya jgn sampai ilang ye bg,setuju,kuesioner_dialek
inpo kalo udah min,inpo kalo udah min,setuju,kuesioner_dialek
"Lanjot jak lok bg, nnti malam sye balek kerje saye ambek",lanjot jak lok bg nnti malam sye balek kerje saye ambek,setuju,kuesioner_dialek
Ok pak,ok pak,setuju,kuesioner_dialek
"Lanjot jak min, tolong kabarin mun dah nyale",lanjot jak min tolong kabarin mun dah nyale,setuju,kuesioner_dialek
ganti yak bg,ganti yak bg,setuju,kuesioner_dialek
"Kerjekan jak pak, minta tolong dibersihkan debunye sekalian",kerjekan jak pak minta tolong dibersihkan debunye sekalian,setuju,kuesioner_dialek
boleh kak,boleh kak,setuju,kuesioner_dialek
"Aok pak, sikat jak. Nnti saye ke situ ambeknye",aok pak sikat jak nnti saye ke situ ambeknye,setuju,kuesioner_dialek
Sip min,sip min,setuju,kuesioner_dialek
"gass kan yak kak, saye nak make cepat bah soalnye",gass kan yak kak saye nak make cepat bah soalnye,setuju,kuesioner_dialek
Okey,okey,setuju,kuesioner_dialek
"Kerjekan jak lok bang, nnti saye transfer dp-nye",kerjekan jak lok bang nnti saye transfer dpnye,setuju,kuesioner_dialek
Setuju bg,setuju bg,setuju,kuesioner_dialek
nanti inpokan kalo udah ye,nanti inpokan kalo udah ye,setuju,kuesioner_dialek
Lanjot,lanjot,setuju,kuesioner_dialek
"Okeee min, Inpo klo udah",okeee min inpo klo udah,setuju,kuesioner_dialek
Gas min,gas min,setuju,kuesioner_dialek
"Aok bang lanjot jak, tpi bsok pagi kamek ambek bise ke?",aok bang lanjot jak tpi bsok pagi kamek ambek bise ke,setuju,kuesioner_dialek
Bolehhh min,bolehhh min,setuju,kuesioner_dialek
"gass kan yak kak, saye nak make cepat bah soalnye",gass kan yak kak saye nak make cepat bah soalnye,setuju,kuesioner_dialek
boleh kak,boleh kak,setuju,kuesioner_dialek
"Aok min, kerjekan jak lok. Tpi jangan diinstal ulang ye datanye",aok min kerjekan jak lok tpi jangan diinstal ulang ye datanye,setuju,kuesioner_dialek
boleh kak,boleh kak,setuju,kuesioner_dialek
"Aok bg, gas jak bah nak cepat make kamek ni",aok bg gas jak bah nak cepat make kamek ni,setuju,kuesioner_dialek
Okey,okey,setuju,kuesioner_dialek
"Aok bang lanjot jak, tpi bsok pagi kamek ambek bise ke?",aok bang lanjot jak tpi bsok pagi kamek ambek bise ke,setuju,kuesioner_dialek
Boleh min,boleh min,setuju,kuesioner_dialek
"Aok bg, betolkan jak lok. Saye ngikut yak",aok bg betolkan jak lok saye ngikut yak,setuju,kuesioner_dialek
iy bg,iy bg,setuju,kuesioner_dialek
"Gass bah min, cepatkan sikit ye soale saye nak ujian",gass bah min cepatkan sikit ye soale saye nak ujian,setuju,kuesioner_dialek
Setuju,setuju,setuju,kuesioner_dialek
"Okeee min, Inpo klo udah",okeee min inpo klo udah,setuju,kuesioner_dialek
Ok pak,ok pak,setuju,kuesioner_dialek
"Sikat jak bang, tpi saye nak nunggu disitok bise ke?",sikat jak bang tpi saye nak nunggu disitok bise ke,setuju,kuesioner_dialek
Bolehhh min,bolehhh min,setuju,kuesioner_dialek
alahmakk kenak dah lcd nye ye. nd apelah bang gas jak biar cepat betol nye. kalo bise hari ini ye bang,alahmakk kenak dah lcd nye ye nd apelah bang gas jak biar cepat betol nye kalo bise hari ini ye bang,setuju,kuesioner_dialek
lanjut bg,lanjut bg,setuju,kuesioner_dialek
okeyy bg,okeyy bg,setuju,kuesioner_dialek
iy bg,iy bg,setuju,kuesioner_dialek
"gass kan yak kak, saye nak make cepat bah soalnye",gass kan yak kak saye nak make cepat bah soalnye,setuju,kuesioner_dialek
Ok sip,ok sip,setuju,kuesioner_dialek
"Aok min, kerjekan jak lok. Tpi jangan diinstal ulang ye datanye",aok min kerjekan jak lok tpi jangan diinstal ulang ye datanye,setuju,kuesioner_dialek
Ok pak,ok pak,setuju,kuesioner_dialek
"gass kan yak kak, saye nak make cepat bah soalnye",gass kan yak kak saye nak make cepat bah soalnye,setuju,kuesioner_dialek
Okey,okey,setuju,kuesioner_dialek
"Aok bang, tolong cepatkan jak bah soale nak dipakai begawe",aok bang tolong cepatkan jak bah soale nak dipakai begawe,setuju,kuesioner_dialek
Gas bang,gas bang,setuju,kuesioner_dialek
"Gass bah min, cepatkan sikit ye soale saye nak ujian",gass bah min cepatkan sikit ye soale saye nak ujian,setuju,kuesioner_dialek
oke bg,oke bg,setuju,kuesioner_dialek
"Sikat jak bang, tpi saye nak nunggu disitok bise ke?",sikat jak bang tpi saye nak nunggu disitok bise ke,setuju,kuesioner_dialek
inpo kalo udah min,inpo kalo udah min,setuju,kuesioner_dialek
"Aok bang, tolong cepatkan jak bah soale nak dipakai begawe",aok bang tolong cepatkan jak bah soale nak dipakai begawe,setuju,kuesioner_dialek
Oke kak,oke kak,setuju,suplemen_manual
Untuk selanjutnya infokan saja,untuk selanjutnya infokan saja,setuju,suplemen_manual
Okee deh kalau gitu sekalian besok siang jak lah bang,okee deh kalau gitu sekalian besok siang jak lah bang,setuju,suplemen_manual
boleh bang gausah nambah aja bang,boleh bang gausah nambah aja bang,setuju,suplemen_manual
"Oke, perkiraan selesai perbaikannya berapa lama ya ?",oke perkiraan selesai perbaikannya berapa lama ya,setuju,suplemen_manual
Boleh bg,boleh bg,setuju,suplemen_manual
Bolehla bg. Brrti service mesin sma gnti btrai ya bg,bolehla bg brrti service mesin sma gnti btrai ya bg,setuju,suplemen_manual
Ooh iyalah bg gpp. Yg penting laptop beres,ooh iyalah bg gpp yg penting laptop beres,setuju,suplemen_manual
Gaskak. Info jak ye kak kalau udah,gaskak info jak ye kak kalau udah,setuju,suplemen_manual
"Wah diluar budget pak, batal ya",wah diluar budget pak batal ya,batal,master_wa
"Budget sya gak nyampe segitu bu, batal aja lah",budget sya gak nyampe segitu bu batal aja lah,batal,master_wa
"Waduh mahal ya bu, gak jadi dulu deh",waduh mahal ya bu gak jadi dulu deh,batal,master_wa
"Wah diluar budget kak, batal ya",wah diluar budget kak batal ya,batal,master_wa
"Sya konsul dlu sama ortu, ternyata gak dibolehin, batal bg",sya konsul dlu sama ortu ternyata gak dibolehin batal bg,batal,master_wa
mahal sekali ya kak huhu,mahal sekali ya kak huhu,batal,master_wa
"Sya konsul dlu sama ortu, ternyata gak dibolehin, batal bg",sya konsul dlu sama ortu ternyata gak dibolehin batal bg,batal,master_wa
oh berarti ndak jadi ganti baterai lah ye bang?,oh berarti ndak jadi ganti baterai lah ye bang,batal,master_wa
"Mahal amat bu, kurangin dong",mahal amat bu kurangin dong,batal,master_wa
"Mahal amat bu, kurangin dong",mahal amat bu kurangin dong,batal,master_wa
"Budget sya gak nyampe segitu bu, batal aja lah",budget sya gak nyampe segitu bu batal aja lah,batal,master_wa
"Coba tanya temen dlu ya pak, mahal jg tnyata",coba tanya temen dlu ya pak mahal jg tnyata,batal,master_wa
"Waduh mahal ya kak, gak jadi dulu deh",waduh mahal ya kak gak jadi dulu deh,batal,master_wa
"Sya konsul dlu sama ortu, ternyata gak dibolehin, batal bang",sya konsul dlu sama ortu ternyata gak dibolehin batal bang,batal,master_wa
"Wah diluar budget pak, batal ya",wah diluar budget pak batal ya,batal,master_wa
"Budget sya gak nyampe segitu pak, batal aja lah",budget sya gak nyampe segitu pak batal aja lah,batal,master_wa
"Wah diluar budget pak, batal ya",wah diluar budget pak batal ya,batal,master_wa
"Kemahalan e bu, sya coba tempat lain dulu",kemahalan e bu sya coba tempat lain dulu,batal,master_wa
"Budget sya gak nyampe segitu bg, batal aja lah",budget sya gak nyampe segitu bg batal aja lah,batal,master_wa
"Coba tanya temen dlu ya bu, mahal jg tnyata",coba tanya temen dlu ya bu mahal jg tnyata,batal,master_wa
"Kemahalan e bg, sya coba tempat lain dulu",kemahalan e bg sya coba tempat lain dulu,batal,master_wa
"Mahal amat bg, kurangin dong",mahal amat bg kurangin dong,batal,master_wa
"Kemahalan e bang, sya coba tempat lain dulu",kemahalan e bang sya coba tempat lain dulu,batal,master_wa
"Mahal amat bang, kurangin dong",mahal amat bang kurangin dong,batal,master_wa
"Sya konsul dlu sama ortu, ternyata gak dibolehin, batal pak",sya konsul dlu sama ortu ternyata gak dibolehin batal pak,batal,master_wa
"Mahal amat kak, kurangin dong",mahal amat kak kurangin dong,batal,master_wa
"Sya konsul dlu sama ortu, ternyata gak dibolehin, batal kak",sya konsul dlu sama ortu ternyata gak dibolehin batal kak,batal,master_wa
"Budget sya gak nyampe segitu bg, batal aja lah",budget sya gak nyampe segitu bg batal aja lah,batal,master_wa
"Sya konsul dlu sama ortu, ternyata gak dibolehin, batal bu",sya konsul dlu sama ortu ternyata gak dibolehin batal bu,batal,master_wa
"Sya konsul dlu sama ortu, ternyata gak dibolehin, batal pak",sya konsul dlu sama ortu ternyata gak dibolehin batal pak,batal,master_wa
"Budget sya gak nyampe segitu bang, batal aja lah",budget sya gak nyampe segitu bang batal aja lah,batal,master_wa
"Sya konsul dlu sama ortu, ternyata gak dibolehin, batal kak",sya konsul dlu sama ortu ternyata gak dibolehin batal kak,batal,master_wa
"Coba tanya temen dlu ya bang, mahal jg tnyata",coba tanya temen dlu ya bang mahal jg tnyata,batal,master_wa
"Sya konsul dlu sama ortu, ternyata gak dibolehin, batal bang",sya konsul dlu sama ortu ternyata gak dibolehin batal bang,batal,master_wa
Batal jak bang,batal jak bang,batal,kuesioner_dialek
"Tunda lok pak, nnti mun ade rezeki saye balek agik",tunda lok pak nnti mun ade rezeki saye balek agik,batal,kuesioner_dialek
gk jd,gk jd,batal,kuesioner_dialek
"Aduh duit saye tak cukop bg, ambek lok lah nnti",aduh duit saye tak cukop bg ambek lok lah nnti,batal,kuesioner_dialek
Batal,batal,batal,kuesioner_dialek
nd usah bang. agek butuh makai banyak duet,nd usah bang agek butuh makai banyak duet,batal,kuesioner_dialek
batal,batal,batal,kuesioner_dialek
"Maaf bg, saye ambek jak laptopnye, belom ade duit",maaf bg saye ambek jak laptopnye belom ade duit,batal,kuesioner_dialek
Batal,batal,batal,kuesioner_dialek
"Lewat lok bang, nunggu gajian bulan depan baru bise",lewat lok bang nunggu gajian bulan depan baru bise,batal,kuesioner_dialek
daan jadi bg,daan jadi bg,batal,kuesioner_dialek
"Ndak bise diteruskan bang, kamek belom gajian",ndak bise diteruskan bang kamek belom gajian,batal,kuesioner_dialek
ga jadi deh kak,ga jadi deh kak,batal,kuesioner_dialek
"Macam ndak mampu kamek bayarnye bg, pass dolo",macam ndak mampu kamek bayarnye bg pass dolo,batal,kuesioner_dialek
"Halo, sepertinya saya mau ambil dulu aja brg nya",halo sepertinya saya mau ambil dulu aja brg nya,batal,kuesioner_dialek
"Lewat lok bang, nunggu gajian bulan depan baru bise",lewat lok bang nunggu gajian bulan depan baru bise,batal,kuesioner_dialek
Tidak jadi,tidak jadi,batal,kuesioner_dialek
"Gak usah di benerin aja kak, besok saya ambil laptop nya",gak usah di benerin aja kak besok saya ambil laptop nya,batal,kuesioner_dialek
Nda jadi,nda jadi,batal,kuesioner_dialek
"lahmak maaf ye bang. kayaknye belom dulu lah ni, blm ad duet ny",lahmak maaf ye bang kayaknye belom dulu lah ni blm ad duet ny,batal,kuesioner_dialek
Nda jadi,nda jadi,batal,kuesioner_dialek
"Bg saye ambek besok jak lah laptopnye, duitnye kurang",bg saye ambek besok jak lah laptopnye duitnye kurang,batal,kuesioner_dialek
Tidak jadi,tidak jadi,batal,kuesioner_dialek
"Belom ade rezekinye bang, simpan lok balek",belom ade rezekinye bang simpan lok balek,batal,kuesioner_dialek
tak usah yak bg,tak usah yak bg,batal,kuesioner_dialek
"Mahal min, gak usah lah",mahal min gak usah lah,batal,kuesioner_dialek
Tarik balek,tarik balek,batal,kuesioner_dialek
"Lewat lok bang, nunggu gajian bulan depan baru bise",lewat lok bang nunggu gajian bulan depan baru bise,batal,kuesioner_dialek
Nd usah,nd usah,batal,kuesioner_dialek
"Belom rezeki bg, saye ambek balek jak dolo",belom rezeki bg saye ambek balek jak dolo,batal,kuesioner_dialek
Tak usah,tak usah,batal,kuesioner_dialek
"Bg saye ambek besok jak lah laptopnye, duitnye kurang",bg saye ambek besok jak lah laptopnye duitnye kurang,batal,kuesioner_dialek
Tak usah,tak usah,batal,kuesioner_dialek
"Tunda lok pak, nnti mun ade rezeki saye balek agik",tunda lok pak nnti mun ade rezeki saye balek agik,batal,kuesioner_dialek
Ndak usah dolo bang,ndak usah dolo bang,batal,kuesioner_dialek
"Duet jajan saye tak cukop bg, nabung lok saye",duet jajan saye tak cukop bg nabung lok saye,batal,kuesioner_dialek
ga jadi deh kak,ga jadi deh kak,batal,kuesioner_dialek
"Mcmnye belom dolo lah bang, nipis kantong saye",mcmnye belom dolo lah bang nipis kantong saye,batal,kuesioner_dialek
Batal pak,batal pak,batal,kuesioner_dialek
"Gak usah di benerin aja kak, besok saya ambil laptop nya",gak usah di benerin aja kak besok saya ambil laptop nya,batal,kuesioner_dialek
Batal bg,batal bg,batal,kuesioner_dialek
"Aduh lari dari budget saye bg, kumpulkan duet lok saye ni",aduh lari dari budget saye bg kumpulkan duet lok saye ni,batal,kuesioner_dialek
Batal jak bang,batal jak bang,batal,kuesioner_dialek
"Macam ndak mampu kamek bayarnye bg, pass dolo",macam ndak mampu kamek bayarnye bg pass dolo,batal,kuesioner_dialek
Batal min,batal min,batal,kuesioner_dialek
"Nanti lok min, kamek nak rundingkan dolo hargenye",nanti lok min kamek nak rundingkan dolo hargenye,batal,kuesioner_dialek
gk jd,gk jd,batal,kuesioner_dialek
"Kira-kira bise ditahan lok ndak ye, duet kamek belom ade ni",kirakira bise ditahan lok ndak ye duet kamek belom ade ni,batal,kuesioner_dialek
Cancel bang,cancel bang,batal,kuesioner_dialek
"Pass lok bang, agek kere kamek ni",pass lok bang agek kere kamek ni,batal,kuesioner_dialek
Tarik balek,tarik balek,batal,kuesioner_dialek
"Tunda lok pak, nnti mun ade rezeki saye balek agik",tunda lok pak nnti mun ade rezeki saye balek agik,batal,kuesioner_dialek
Nda jadi,nda jadi,batal,kuesioner_dialek
"Mohon maaf bang, tapi dana saye ndak mencukupek, jadi skip jak",mohon maaf bang tapi dana saye ndak mencukupek jadi skip jak,batal,kuesioner_dialek
Batal jak bang,batal jak bang,batal,kuesioner_dialek
"Duet jajan saye tak cukop bg, nabung lok saye",duet jajan saye tak cukop bg nabung lok saye,batal,kuesioner_dialek
Ndak usah dolo bang,ndak usah dolo bang,batal,kuesioner_dialek
"Gak usah di benerin aja kak, besok saya ambil laptop nya",gak usah di benerin aja kak besok saya ambil laptop nya,batal,kuesioner_dialek
batal yak bang,batal yak bang,batal,kuesioner_dialek
"Skip lok kak, kamek cari pinjaman dolo",skip lok kak kamek cari pinjaman dolo,batal,kuesioner_dialek
tak jadi,tak jadi,batal,kuesioner_dialek
"Duet jajan saye tak cukop bg, nabung lok saye",duet jajan saye tak cukop bg nabung lok saye,batal,kuesioner_dialek
gk jd,gk jd,batal,kuesioner_dialek
"Nda bise min, duit kamek cuman 300rbu tok",nda bise min duit kamek cuman rbu tok,batal,kuesioner_dialek
Ndak usah dolo bang,ndak usah dolo bang,batal,kuesioner_dialek
"Bg saye ambek besok jak lah laptopnye, duitnye kurang",bg saye ambek besok jak lah laptopnye duitnye kurang,batal,kuesioner_dialek
Nda jadi,nda jadi,batal,kuesioner_dialek
"Skip lok kak, kamek cari pinjaman dolo",skip lok kak kamek cari pinjaman dolo,batal,kuesioner_dialek
cancel bg,cancel bg,batal,kuesioner_dialek
"Lewat lok bang, nunggu gajian bulan depan baru bise",lewat lok bang nunggu gajian bulan depan baru bise,batal,kuesioner_dialek
Batal jak bang,batal jak bang,batal,kuesioner_dialek
"Skip lok kak, kamek cari pinjaman dolo",skip lok kak kamek cari pinjaman dolo,batal,kuesioner_dialek
"Halo, sepertinya saya mau ambil dulu aja brg nya",halo sepertinya saya mau ambil dulu aja brg nya,batal,kuesioner_dialek
"Maaf bg, saye ambek jak laptopnye, belom ade duit",maaf bg saye ambek jak laptopnye belom ade duit,batal,kuesioner_dialek
Nd usah,nd usah,batal,kuesioner_dialek
"Mahal min, gak usah lah",mahal min gak usah lah,batal,kuesioner_dialek
Ndak jadi min,ndak jadi min,batal,kuesioner_dialek
"Lewat lok bang, nunggu gajian bulan depan baru bise",lewat lok bang nunggu gajian bulan depan baru bise,batal,kuesioner_dialek
Tarik balek,tarik balek,batal,kuesioner_dialek
"Maaf ye bang, saye cancel lok karne duetnye ndak cukop",maaf ye bang saye cancel lok karne duetnye ndak cukop,batal,kuesioner_dialek
Cancel min,cancel min,batal,kuesioner_dialek
kaya nye di batalkan dulu bang service nya,kaya nye di batalkan dulu bang service nya,batal,kuesioner_dialek
Tidak jadi,tidak jadi,batal,kuesioner_dialek
"Gak usah di benerin aja kak, besok saya ambil laptop nya",gak usah di benerin aja kak besok saya ambil laptop nya,batal,kuesioner_dialek
Nd usah,nd usah,batal,kuesioner_dialek
"Pass lok bang, agek kere kamek ni",pass lok bang agek kere kamek ni,batal,kuesioner_dialek
batal,batal,batal,kuesioner_dialek
"lahmak maaf ye bang. kayaknye belom dulu lah ni, blm ad duet ny",lahmak maaf ye bang kayaknye belom dulu lah ni blm ad duet ny,batal,kuesioner_dialek
Tidak jadi,tidak jadi,batal,kuesioner_dialek
"Macam ndak mampu kamek bayarnye bg, pass dolo",macam ndak mampu kamek bayarnye bg pass dolo,batal,kuesioner_dialek
Batal min,batal min,batal,kuesioner_dialek
"Bg saye ambek besok jak lah laptopnye, duitnye kurang",bg saye ambek besok jak lah laptopnye duitnye kurang,batal,kuesioner_dialek
ga jadi deh kak,ga jadi deh kak,batal,kuesioner_dialek
"Pass lok bang, agek kere kamek ni",pass lok bang agek kere kamek ni,batal,kuesioner_dialek
Cancel min,cancel min,batal,kuesioner_dialek
"Ndak bise diteruskan bang, kamek belom gajian",ndak bise diteruskan bang kamek belom gajian,batal,kuesioner_dialek
Nd usah,nd usah,batal,kuesioner_dialek
"Skip lok pak, kamek agek banyak pengeluaran",skip lok pak kamek agek banyak pengeluaran,batal,kuesioner_dialek
Nd usah,nd usah,batal,kuesioner_dialek
"Maaf bg, saye ambek jak laptopnye, belom ade duit",maaf bg saye ambek jak laptopnye belom ade duit,batal,kuesioner_dialek
"Halo, sepertinya saya mau ambil dulu aja brg nya",halo sepertinya saya mau ambil dulu aja brg nya,batal,kuesioner_dialek
ntakkk cukupp laaa duet sayee min,ntakkk cukupp laaa duet sayee min,batal,kuesioner_dialek
Nda usah bang,nda usah bang,batal,kuesioner_dialek
"Ndak bise diteruskan bang, kamek belom gajian",ndak bise diteruskan bang kamek belom gajian,batal,kuesioner_dialek
Tarik balek,tarik balek,batal,kuesioner_dialek
"Belom rezeki bg, saye ambek balek jak dolo",belom rezeki bg saye ambek balek jak dolo,batal,kuesioner_dialek
Batal jak bang,batal jak bang,batal,kuesioner_dialek
"Skip lok kak, kamek cari pinjaman dolo",skip lok kak kamek cari pinjaman dolo,batal,kuesioner_dialek
Tidak jadi,tidak jadi,batal,kuesioner_dialek
"Bg saye ambek besok jak lah laptopnye, duitnye kurang",bg saye ambek besok jak lah laptopnye duitnye kurang,batal,kuesioner_dialek
Nda usah,nda usah,batal,kuesioner_dialek
"Skip lok min, mahal gak hargenye tu tak sanggup saye",skip lok min mahal gak hargenye tu tak sanggup saye,batal,kuesioner_dialek
batal yak bang,batal yak bang,batal,kuesioner_dialek
nd usah bang. agek butuh makai banyak duet,nd usah bang agek butuh makai banyak duet,batal,kuesioner_dialek
Nd usah,nd usah,batal,kuesioner_dialek
"Belom ade rezekinye bang, simpan lok balek",belom ade rezekinye bang simpan lok balek,batal,kuesioner_dialek
cancel bg,cancel bg,batal,kuesioner_dialek
"Maaf bg, saye ambek jak laptopnye, belom ade duit",maaf bg saye ambek jak laptopnye belom ade duit,batal,kuesioner_dialek
gk jd,gk jd,batal,kuesioner_dialek
"Belom rezeki bg, saye ambek balek jak dolo",belom rezeki bg saye ambek balek jak dolo,batal,kuesioner_dialek
Tak usah,tak usah,batal,kuesioner_dialek
"Aduh lari dari budget saye bg, kumpulkan duet lok saye ni",aduh lari dari budget saye bg kumpulkan duet lok saye ni,batal,kuesioner_dialek
Nda usah,nda usah,batal,kuesioner_dialek
"Aduh duit saye tak cukop bg, ambek lok lah nnti",aduh duit saye tak cukop bg ambek lok lah nnti,batal,kuesioner_dialek
Tidak jadi,tidak jadi,batal,kuesioner_dialek
"Mcmnye belom dolo lah bang, nipis kantong saye",mcmnye belom dolo lah bang nipis kantong saye,batal,kuesioner_dialek
tak jadi,tak jadi,batal,kuesioner_dialek
"Maaf ye bang, saye cancel lok karne duetnye ndak cukop",maaf ye bang saye cancel lok karne duetnye ndak cukop,batal,kuesioner_dialek
batal kak,batal kak,batal,kuesioner_dialek
"Mahal min, gak usah lah",mahal min gak usah lah,batal,kuesioner_dialek
Nda usah bang,nda usah bang,batal,kuesioner_dialek
"Macam ndak mampu kamek bayarnye bg, pass dolo",macam ndak mampu kamek bayarnye bg pass dolo,batal,kuesioner_dialek
Cancel bang,cancel bang,batal,kuesioner_dialek
"Kira-kira bise ditahan lok ndak ye, duet kamek belom ade ni",kirakira bise ditahan lok ndak ye duet kamek belom ade ni,batal,kuesioner_dialek
Ndak usah dolo bang,ndak usah dolo bang,batal,kuesioner_dialek
"Skip lok pak, kamek agek banyak pengeluaran",skip lok pak kamek agek banyak pengeluaran,batal,kuesioner_dialek
Cancel min,cancel min,batal,kuesioner_dialek
"Maaf bg, saye ambek jak laptopnye, belom ade duit",maaf bg saye ambek jak laptopnye belom ade duit,batal,kuesioner_dialek
Ndak jadi,ndak jadi,batal,kuesioner_dialek
ntakkk cukupp laaa duet sayee min,ntakkk cukupp laaa duet sayee min,batal,kuesioner_dialek
cancel bg,cancel bg,batal,kuesioner_dialek
"Skip lok pak, kamek agek banyak pengeluaran",skip lok pak kamek agek banyak pengeluaran,batal,kuesioner_dialek
Cancel bang,cancel bang,batal,kuesioner_dialek
"Aduh lari dari budget saye bg, kumpulkan duet lok saye ni",aduh lari dari budget saye bg kumpulkan duet lok saye ni,batal,kuesioner_dialek
Daan jadi jak bang,daan jadi jak bang,batal,kuesioner_dialek
"Bg saye ambek besok jak lah laptopnye, duitnye kurang",bg saye ambek besok jak lah laptopnye duitnye kurang,batal,kuesioner_dialek
Ndak jadi,ndak jadi,batal,kuesioner_dialek
"Aduh lari dari budget saye bg, kumpulkan duet lok saye ni",aduh lari dari budget saye bg kumpulkan duet lok saye ni,batal,kuesioner_dialek
batal kak,batal kak,batal,kuesioner_dialek
"Lewat lok bang, nunggu gajian bulan depan baru bise",lewat lok bang nunggu gajian bulan depan baru bise,batal,kuesioner_dialek
cancel bg,cancel bg,batal,kuesioner_dialek
"lahmak maaf ye bang. kayaknye belom dulu lah ni, blm ad duet ny",lahmak maaf ye bang kayaknye belom dulu lah ni blm ad duet ny,batal,kuesioner_dialek
batal,batal,batal,kuesioner_dialek
"Mahal min, gak usah lah",mahal min gak usah lah,batal,kuesioner_dialek
Nda usah bang,nda usah bang,batal,kuesioner_dialek
"Mcmnye belom dolo lah bang, nipis kantong saye",mcmnye belom dolo lah bang nipis kantong saye,batal,kuesioner_dialek
gk jd bg,gk jd bg,batal,kuesioner_dialek
"Tunda lok ye bang, keperluan agek banyak bulan itok",tunda lok ye bang keperluan agek banyak bulan itok,batal,kuesioner_dialek
Batal min,batal min,batal,kuesioner_dialek
"Pass lok bang, agek kere kamek ni",pass lok bang agek kere kamek ni,batal,kuesioner_dialek
gk jd,gk jd,batal,kuesioner_dialek
"Lewat lok bang, nunggu gajian bulan depan baru bise",lewat lok bang nunggu gajian bulan depan baru bise,batal,kuesioner_dialek
lain kali aja bang,lain kali aja bang,batal,kuesioner_dialek
"Tahan lok bang, tak cukop dana saye itok",tahan lok bang tak cukop dana saye itok,batal,kuesioner_dialek
gk jd bg,gk jd bg,batal,kuesioner_dialek
"Bg saye ambek besok jak lah laptopnye, duitnye kurang",bg saye ambek besok jak lah laptopnye duitnye kurang,batal,kuesioner_dialek
tak usah yak bg,tak usah yak bg,batal,kuesioner_dialek
"Pass lok bang, agek kere kamek ni",pass lok bang agek kere kamek ni,batal,kuesioner_dialek
tak jadi,tak jadi,batal,kuesioner_dialek
"ala kak tak cukop dana saye segitu tu, nanti jak la kak",ala kak tak cukop dana saye segitu tu nanti jak la kak,batal,kuesioner_dialek
Daan jadi jak bang,daan jadi jak bang,batal,kuesioner_dialek
"Mahal min, gak usah lah",mahal min gak usah lah,batal,kuesioner_dialek
Batal,batal,batal,kuesioner_dialek
"Bg saye ambek besok jak lah laptopnye, duitnye kurang",bg saye ambek besok jak lah laptopnye duitnye kurang,batal,kuesioner_dialek
daan jadi bg,daan jadi bg,batal,kuesioner_dialek
"Skip lok pak, kamek agek banyak pengeluaran",skip lok pak kamek agek banyak pengeluaran,batal,kuesioner_dialek
Daan jadi jak bang,daan jadi jak bang,batal,kuesioner_dialek
kaya nye di batalkan dulu bang service nya,kaya nye di batalkan dulu bang service nya,batal,kuesioner_dialek
Batal jak bang,batal jak bang,batal,kuesioner_dialek
nd usah bang. agek butuh makai banyak duet,nd usah bang agek butuh makai banyak duet,batal,kuesioner_dialek
ga jadi deh kak,ga jadi deh kak,batal,kuesioner_dialek
kaya nye di batalkan dulu bang service nya,kaya nye di batalkan dulu bang service nya,batal,kuesioner_dialek
Batal pak,batal pak,batal,kuesioner_dialek
"Belom ade rezekinye bang, simpan lok balek",belom ade rezekinye bang simpan lok balek,batal,kuesioner_dialek
Batal min,batal min,batal,kuesioner_dialek
"Nda bise min, duit kamek cuman 300rbu tok",nda bise min duit kamek cuman rbu tok,batal,kuesioner_dialek
gk jd bg,gk jd bg,batal,kuesioner_dialek
"Skip lok pak, kamek agek banyak pengeluaran",skip lok pak kamek agek banyak pengeluaran,batal,kuesioner_dialek
Nd usah,nd usah,batal,kuesioner_dialek
"lahmak maaf ye bang. kayaknye belom dulu lah ni, blm ad duet ny",lahmak maaf ye bang kayaknye belom dulu lah ni blm ad duet ny,batal,kuesioner_dialek
Tarik balek,tarik balek,batal,kuesioner_dialek
"Mcmnye belom dolo lah bang, nipis kantong saye",mcmnye belom dolo lah bang nipis kantong saye,batal,kuesioner_dialek
Tak usah,tak usah,batal,kuesioner_dialek
nd usah bang. agek butuh makai banyak duet,nd usah bang agek butuh makai banyak duet,batal,kuesioner_dialek
Batal pak,batal pak,batal,kuesioner_dialek
"Nda bise min, duit kamek cuman 300rbu tok",nda bise min duit kamek cuman rbu tok,batal,kuesioner_dialek
Nda usah,nda usah,batal,kuesioner_dialek
"Ndak bise diteruskan bang, kamek belom gajian",ndak bise diteruskan bang kamek belom gajian,batal,kuesioner_dialek
cancell ajaa min,cancell ajaa min,batal,kuesioner_dialek
"Bg saye ambek besok jak lah laptopnye, duitnye kurang",bg saye ambek besok jak lah laptopnye duitnye kurang,batal,kuesioner_dialek
batal kak,batal kak,batal,kuesioner_dialek
"Nanti lok min, kamek nak rundingkan dolo hargenye",nanti lok min kamek nak rundingkan dolo hargenye,batal,kuesioner_dialek
Cancel min,cancel min,batal,kuesioner_dialek
"lahmak maaf ye bang. kayaknye belom dulu lah ni, blm ad duet ny",lahmak maaf ye bang kayaknye belom dulu lah ni blm ad duet ny,batal,kuesioner_dialek
Ndak usah dolo bang,ndak usah dolo bang,batal,kuesioner_dialek
"Mcmnye belom dolo lah bang, nipis kantong saye",mcmnye belom dolo lah bang nipis kantong saye,batal,kuesioner_dialek
Gak usah di benerin aja kak. besok saya ambil laptop nya,gak usah di benerin aja kak besok saya ambil laptop nya,batal,suplemen_manual
