text,clean_text,intent,source
smlm masih bisa,smlm masih bisa,lainnya,real
Yang ini cari in dulu lah ya,yang ini cari in dulu lah ya,lainnya,real
jadi gmn kak udh ada konfirmasi dri jakarta kah berapa harganya?,jadi gmn kak udh ada konfirmasi dri jakarta kah berapa harganya,lainnya,real
Coba aja kk,coba aja kk,lainnya,real
baik bang saya mau🙏,baik bang saya mau,lainnya,real
itu yg dri jakarta blm konfirmasi ya?,itu yg dri jakarta blm konfirmasi ya,lainnya,real
"Ok Bang, sekitar sore atau habis magrib ngambilnya",ok bang sekitar sore atau habis magrib ngambilnya,lainnya,real
Ooo gitu,ooo gitu,lainnya,real
terus gimana ya kak?,terus gimana ya kak,lainnya,real
Baik bg,baik bg,lainnya,real
kalau dikosongin aja bisa ga itu ya bg,kalau dikosongin aja bisa ga itu ya bg,lainnya,real
bisa dibetulkan ndak tu bang?,bisa dibetulkan ndak tu bang,lainnya,real
Siap bg,siap bg,lainnya,real
"Saya baru bisa ambil sekarang, kalau besok pagi atau siang bisa diambil jam berapa?",saya baru bisa ambil sekarang kalau besok pagi atau siang bisa diambil jam berapa,lainnya,real
Kehapus kayanya,kehapus kayanya,lainnya,real
maaf kak keyboard ny yg di bawah 550 ribu ada ndak ya kak🙏🏼,maaf kak keyboard ny yg di bawah ribu ada ndak ya kak,lainnya,real
Yg lain tidak ada kah bg,yg lain tidak ada kah bg,lainnya,real
"Ok 
Pembayaran bisa menggunakan qris/TF?",ok pembayaran bisa menggunakan qristf,lainnya,real
itu perlu diinstal ga,itu perlu diinstal ga,lainnya,real
"Gpp dh bg, gak usah diperbaiki, laptop e udh lama juga",gpp dh bg gak usah diperbaiki laptop e udh lama juga,lainnya,real
Ye,ye,lainnya,real
Terus itu gimna ya bang,terus itu gimna ya bang,lainnya,real
Udah bisa di ambil kah bg laptop nya?,udah bisa di ambil kah bg laptop nya,lainnya,real
Nnti barang nya saya ambil ya bg,nnti barang nya saya ambil ya bg,lainnya,real
bang sya ambil nya nunggu hujan reda aja klo ga besok ya,bang sya ambil nya nunggu hujan reda aja klo ga besok ya,lainnya,real
Kira–kira kapan bisa diambil bu?,kirakira kapan bisa diambil bu,lainnya,real
untuk kesalahan ny di situ saja ya kak,untuk kesalahan ny di situ saja ya kak,lainnya,real
Baik terimakasih,baik terimakasih,lainnya,real
"laptop yg kemarin nd hidup lagi bang, udah di cas berjam jam jga nd mau hidup",laptop yg kemarin nd hidup lagi bang udah di cas berjam jam jga nd mau hidup,lainnya,real
Itulah,itulah,lainnya,real
Td saye taruh dstu si bg,td saye taruh dstu si bg,lainnya,real
"Sbntr ya, sdh di ayani",sbntr ya sdh di ayani,lainnya,real
Soalnya masih lemot skrg,soalnya masih lemot skrg,lainnya,real
Bisa nda DVD nya tu,bisa nda dvd nya tu,lainnya,real
gatau cba cek bg,gatau cba cek bg,lainnya,real
"Yaudah gpp bg, gak jadi diperbaiki",yaudah gpp bg gak jadi diperbaiki,lainnya,real
Sip bang,sip bang,lainnya,real
ohh gitu ya bg,ohh gitu ya bg,lainnya,real
"Maaf Sya Mau Tanya,,",maaf sya mau tanya,lainnya,real
tes,tes,lainnya,real
Bang,bang,lainnya,real
Iya bg kosong local d aja yg di ambil,iya bg kosong local d aja yg di ambil,lainnya,real
"Terimakasihhhh bang, senin yang saya ambilll",terimakasihhhh bang senin yang saya ambilll,lainnya,real
"Abis file kuliah saye, emg nd bise benar k bg, nanti sye bayar",abis file kuliah saye emg nd bise benar k bg nanti sye bayar,lainnya,real
"minus hanya shadow tipis pink, dan port hanya bisa 1 untuk charging, port lain pemindahan data",minus hanya shadow tipis pink dan port hanya bisa untuk charging port lain pemindahan data,lainnya,real
misi bang udah selesai kah bang ?,misi bang udah selesai kah bang,lainnya,real
Gimana kondisi nya,gimana kondisi nya,lainnya,real
Dana Jak ye bang,dana jak ye bang,lainnya,real
Bisa dicek gak.,bisa dicek gak,lainnya,real
Jam brpa tutup tokonya bang,jam brpa tutup tokonya bang,lainnya,real
msih,msih,lainnya,real
maaf bang laptop ny sy pakai jk dlu🙏🏻,maaf bang laptop ny sy pakai jk dlu,lainnya,real
"Bang 
Tutup jam brp toko ny?",bang tutup jam brp toko ny,lainnya,real
"Iya baik bang 
Mksih",iya baik bang mksih,lainnya,real
Jam brpa mas kira kira?,jam brpa mas kira kira,lainnya,real
Assalamualaikum Toko buka ke bos?,assalamualaikum toko buka ke bos,lainnya,real
Ok bg,ok bg,lainnya,real
Bang maaf mau tanya kemarin waktu install ulang semua file yang ada disini ada di backup nda ya?,bang maaf mau tanya kemarin waktu install ulang semua file yang ada disini ada di backup nda ya,lainnya,real
"Nanti aja dlu bu, blm ada uang",nanti aja dlu bu blm ada uang,lainnya,real
"BEGIN:VCARD
VERSION:3.0
N:;Brother Pai;;;
FN:Brother Pai 
TEL;type=CELL;type=VOICE;waid=6281156701235:+62 811-5670-1235
END:VCARD",beginvcard version nbrother pai fnbrother pai teltypecelltypevoicewaid endvcard,lainnya,real
Tadi gak keburu jdi krja dulu,tadi gak keburu jdi krja dulu,lainnya,real
Bang,bang,lainnya,real
Ok... Masih,ok masih,lainnya,real
sudah bnv,sudah bnv,lainnya,real
Terima kasih bang 🙏🏻,terima kasih bang,lainnya,real
Masih buka kan,masih buka kan,lainnya,real
besok aja ya kak saya ngambil nya saya lagi diluar Pontianak,besok aja ya kak saya ngambil nya saya lagi diluar pontianak,lainnya,real
Saya mau ambil file di dalamnya bang,saya mau ambil file di dalamnya bang,lainnya,real
Nanti di ambil lagi hujan,nanti di ambil lagi hujan,lainnya,real
bang laptop saya belum kah,bang laptop saya belum kah,lainnya,real
Oo iya permisi ya bang kalau hari ini mungkin saya blm bisa ngambil soalnya lagi pergi ngk di pontianak,oo iya permisi ya bang kalau hari ini mungkin saya blm bisa ngambil soalnya lagi pergi ngk di pontianak,lainnya,real
Maaf bh baru buka hp,maaf bh baru buka hp,lainnya,real
Baik.. Nnti saya ke sana ya,baik nnti saya ke sana ya,lainnya,real
"Kire"" msh lma ke bg",kire msh lma ke bg,lainnya,real
"baik bg, nanti saya info kembali soal jadi atau nga nya ya bg🙏🏻",baik bg nanti saya info kembali soal jadi atau nga nya ya bg,lainnya,real
Kira2 sore ini bisa diambil ndk bg?,kira sore ini bisa diambil ndk bg,lainnya,real
perbaikannya berapa lama ya bang?,perbaikannya berapa lama ya bang,lainnya,real
Kira2 tutup ny jam berapa ya bang?,kira tutup ny jam berapa ya bang,lainnya,real
Segera di ambil,segera di ambil,lainnya,real
kira² jam 3an selesai nd bang,kira jam an selesai nd bang,lainnya,real
"siang bang, mau tanya untuk laptop ultrabook yang 2jtaan ada ga bang",siang bang mau tanya untuk laptop ultrabook yang jtaan ada ga bang,lainnya,real
bentar kk saya mikir bntarr,bentar kk saya mikir bntarr,lainnya,real
brp lama,brp lama,lainnya,real
bg besok saye ambek laptop e,bg besok saye ambek laptop e,lainnya,real
SULISTIA123,sulistia,lainnya,real
ly042213 bang,ly bang,lainnya,real
Iya bang,iya bang,lainnya,real
gpp,gpp,lainnya,real
"gerak bang, hanye kiri kanannye nd bise di tekan",gerak bang hanye kiri kanannye nd bise di tekan,lainnya,real
"Cobe abg tolong chat gini ke saye bilang, bise dipulihkan file tu",cobe abg tolong chat gini ke saye bilang bise dipulihkan file tu,lainnya,real
Siap bang,siap bang,lainnya,real
terimakasih kak,terimakasih kak,lainnya,real
Baik bang,baik bang,lainnya,real
"Ok kk, terimakasih ya",ok kk terimakasih ya,lainnya,real
"Pagi kk, jdi kek mne kk laptopnye?",pagi kk jdi kek mne kk laptopnye,lainnya,real
Yg tak mau ngisik tu.pakai pengecas siapa,yg tak mau ngisik tupakai pengecas siapa,lainnya,real
Siang bg,siang bg,lainnya,real
Yg juta aja bg,yg juta aja bg,lainnya,real
wa nya jak yang dak bise,wa nya jak yang dak bise,lainnya,real
Ok jm 9 ya,ok jm ya,lainnya,real
Siang. Langsung di perbaiki aja bang,siang langsung di perbaiki aja bang,lainnya,real
Gmn besok aja saya ke sana mas,gmn besok aja saya ke sana mas,lainnya,real
udh tdi ga hidup juga,udh tdi ga hidup juga,lainnya,real
Malam ini tutup jam berapa,malam ini tutup jam berapa,lainnya,real
Baik bang.. Tutup toko jam brp ya,baik bang tutup toko jam brp ya,lainnya,real
skrg masih buka kh bng,skrg masih buka kh bng,lainnya,real
bang pembayaran nya bisa tf ga,bang pembayaran nya bisa tf ga,lainnya,real
sepaket gimne tu bg?,sepaket gimne tu bg,lainnya,real
saya ambil besok ya bang,saya ambil besok ya bang,lainnya,real
Sekali no rek ya bang,sekali no rek ya bang,lainnya,real
yg keyboard nya udh d matikan bisa kh bang,yg keyboard nya udh d matikan bisa kh bang,lainnya,real
Ruben3003,ruben,lainnya,real
bebas min,bebas min,lainnya,real
Ohh ok bang mksehh infonyee🙏🙏,ohh ok bang mksehh infonyee,lainnya,real
Infokan ya bg kalau dh selesai,infokan ya bg kalau dh selesai,lainnya,real
"Saya ambil ajaa besok bang, maaf ya bangg budget nya belum adaa",saya ambil ajaa besok bang maaf ya bangg budget nya belum adaa,lainnya,real
Ndak di update windows 11 ye bang. ada ngefreeze lagi nda  bang pas di cek,ndak di update windows ye bang ada ngefreeze lagi nda bang pas di cek,lainnya,real
Okke bg,okke bg,lainnya,real
Untk leptop Advan cuma itu aja ke bg perbaikannya?,untk leptop advan cuma itu aja ke bg perbaikannya,lainnya,real
Owh iya bang,owh iya bang,lainnya,real
"Pagi bang, ini kenapa laptopnya aneh ya? Setiap saya mau ngetik, malah nda bisa",pagi bang ini kenapa laptopnya aneh ya setiap saya mau ngetik malah nda bisa,lainnya,real
Ok bu makasih,ok bu makasih,lainnya,real
Ndk bng soalnye ndk ngerti lepaskan e gmne,ndk bng soalnye ndk ngerti lepaskan e gmne,lainnya,real
Ok bg,ok bg,lainnya,real
Brpa bg klau betulkn frame tuh,brpa bg klau betulkn frame tuh,lainnya,real
Yang penting word ny nda bermasalah lg,yang penting word ny nda bermasalah lg,lainnya,real
Emang udah rusak kybord nya suka error,emang udah rusak kybord nya suka error,lainnya,real
Ohh iya makasih kak,ohh iya makasih kak,lainnya,real
Iyaaa bang nantik saya ambil ya,iyaaa bang nantik saya ambil ya,lainnya,real
Bisa kurang gak bang?,bisa kurang gak bang,lainnya,real
nd bise kurang ke bang,nd bise kurang ke bang,lainnya,real
waw cepet banget,waw cepet banget,lainnya,real
Bg apakah sudah bisa di ambil?,bg apakah sudah bisa di ambil,lainnya,real
Saya bawa,saya bawa,lainnya,real
Baik bang,baik bang,lainnya,real
oh iya bang yang kemaren sekalian ubah tampilan menu nya ya bang,oh iya bang yang kemaren sekalian ubah tampilan menu nya ya bang,lainnya,real
"Ok bang, bntr y",ok bang bntr y,lainnya,real
tiba-tiba jak bang,tibatiba jak bang,lainnya,real
Kapan bisa di ambil?,kapan bisa di ambil,lainnya,real
Ok bg,ok bg,lainnya,real
Bisa kurang gak pak?,bisa kurang gak pak,lainnya,real
Jam 9 saye plg bg..mungkin smpai di stu jam 9 lewat gtu bg..,jam saye plg bgmungkin smpai di stu jam lewat gtu bg,lainnya,real
Asus Vivobook A416JA terima jual brp kk?,asus vivobook aja terima jual brp kk,lainnya,real
Iya tq besok saya bawa kesana tq,iya tq besok saya bawa kesana tq,lainnya,real
"Baik la, otw",baik la otw,lainnya,real
Makasi bang,makasi bang,lainnya,real
okay,okay,lainnya,real
"Bg infokan secepatnya ya kpn bisa di ambil, soalnya lgi butuh 🙏",bg infokan secepatnya ya kpn bisa di ambil soalnya lgi butuh,lainnya,real
"Duh, ternyata harga laptop baru gak beda jauh, gak jadi ya bu",duh ternyata harga laptop baru gak beda jauh gak jadi ya bu,lainnya,real
klo benerkn hardware kira” brp bg?,klo benerkn hardware kira brp bg,lainnya,real
"bg kn kmrn saya nd pakai laptop sy trs pas baru saya pakai hri ini die tu tetap blue screen bg, nah itu tu knp ya",bg kn kmrn saya nd pakai laptop sy trs pas baru saya pakai hri ini die tu tetap blue screen bg nah itu tu knp ya,lainnya,real
Ada mines nya gak bang,ada mines nya gak bang,lainnya,real
tokonya tutup jam berapa ya?,tokonya tutup jam berapa ya,lainnya,real
"Nah itu saya nda tau,
Itu dilihat nya darimna?",nah itu saya nda tau itu dilihat nya darimna,lainnya,real
"Siap, ditunggu infonya",siap ditunggu infonya,lainnya,real
Ada garansi kah bg,ada garansi kah bg,lainnya,real
"Oalaa, berarti jangan biarkan cas bermalam gitu ya",oalaa berarti jangan biarkan cas bermalam gitu ya,lainnya,real
Ok,ok,lainnya,real
"Baik bang, nanti sore diambilnya",baik bang nanti sore diambilnya,lainnya,real
Bisa kurang gak pak?,bisa kurang gak pak,lainnya,real
Nanti saya ambil,nanti saya ambil,lainnya,real
Sdh selesai apa blm dik Laptopnya,sdh selesai apa blm dik laptopnya,lainnya,real
Yaudahh bg saya ambil aja laptop nya,yaudahh bg saya ambil aja laptop nya,lainnya,real
Ok makasih,ok makasih,lainnya,real
nanti saya ambil,nanti saya ambil,lainnya,real
Nanti saya ambil labtob nya,nanti saya ambil labtob nya,lainnya,real
"Bg, saya ambil laptop sore hr ini ya. Dkt² magrib kek nya",bg saya ambil laptop sore hr ini ya dkt magrib kek nya,lainnya,real
iya santai jak kak,iya santai jak kak,lainnya,real
Ok bg,ok bg,lainnya,real
Tapi bole gak di cek kan dlu,tapi bole gak di cek kan dlu,lainnya,real
Ini masalah kalau diangkat sedikit langsung eror kan ya layar laptopnya?,ini masalah kalau diangkat sedikit langsung eror kan ya layar laptopnya,lainnya,real
Tolong dibersihkan bagian dalam ya.,tolong dibersihkan bagian dalam ya,lainnya,real
Iyaa bg,iyaa bg,lainnya,real
Oo iya,oo iya,lainnya,real
ok bang nnti malam bisa saya ambil ga sekitar jam setengah 9,ok bang nnti malam bisa saya ambil ga sekitar jam setengah,lainnya,real
ok bntr bg,ok bntr bg,lainnya,real
"Baik terimakasih infonya, saya ambil besok pagi saja",baik terimakasih infonya saya ambil besok pagi saja,lainnya,real
po juga nd bise ke bg?,po juga nd bise ke bg,lainnya,real
baik bang,baik bang,lainnya,real
besok udah bisa ambilkan bang,besok udah bisa ambilkan bang,lainnya,real
Toko nya tutup jam brp an bang,toko nya tutup jam brp an bang,lainnya,real
klo cas laptop acer berapa,klo cas laptop acer berapa,lainnya,real
Bang laptop saya udh k?,bang laptop saya udh k,lainnya,real
Yg ini🙏🏻,yg ini,lainnya,real
Ini bg,ini bg,lainnya,real
Besok buka gak min pagi2,besok buka gak min pagi,lainnya,real
Dah same solder balek ke tuh bang?,dah same solder balek ke tuh bang,lainnya,real
Iya bg,iya bg,lainnya,real
Yallah e,yallah e,lainnya,real
Kalau bise cepat saye bayar lebih bg 😁🙏,kalau bise cepat saye bayar lebih bg,lainnya,real
Izin bang mau follow up leptop saya bang atas nama Ade Saputra,izin bang mau follow up leptop saya bang atas nama ade saputra,lainnya,real
Ok bng,ok bng,lainnya,real
Bg,bg,lainnya,real
"kan kemarin abg bilang buat bagi penyimpanan nya juga ke data D, tapi data D juga ada disitu ngaruh gak kira2 ke penyimpanan local disk C nya?",kan kemarin abg bilang buat bagi penyimpanan nya juga ke data d tapi data d juga ada disitu ngaruh gak kira ke penyimpanan local disk c nya,lainnya,real
bg ada jual cas laptop nda,bg ada jual cas laptop nda,lainnya,real
Pagi bang,pagi bang,lainnya,real
Gitu ya bang jadi bang lep top nya ndk bisa di betul kan??,gitu ya bang jadi bang lep top nya ndk bisa di betul kan,lainnya,real
yg putih bise bang,yg putih bise bang,lainnya,real
Ok nanti saya ke sana dulu,ok nanti saya ke sana dulu,lainnya,real
misa bg sya kemarin servis leptop ditempat abg atas nama maya leptop ya nd mau hidup lgi,misa bg sya kemarin servis leptop ditempat abg atas nama maya leptop ya nd mau hidup lgi,lainnya,real
bs po ndk bang,bs po ndk bang,lainnya,real
Bntar yee bang saye kesitu,bntar yee bang saye kesitu,lainnya,real
kir besok udh selesai ga ya soalnya mau dipake,kir besok udh selesai ga ya soalnya mau dipake,lainnya,real
Tibe2 bise die,tibe bise die,lainnya,real
"halo kak, waktunya berapa hari ya kak kira kira?",halo kak waktunya berapa hari ya kak kira kira,lainnya,real
Saya mau ambil jam 3 an tapi kira kira masih buka ga ya bang?,saya mau ambil jam an tapi kira kira masih buka ga ya bang,lainnya,real
iyaa bang konfirmasi lagi yaa,iyaa bang konfirmasi lagi yaa,lainnya,real
MLM saya ambil ya,mlm saya ambil ya,lainnya,real
Baik bg,baik bg,lainnya,real
Tetap 700 gak kurang juga,tetap gak kurang juga,lainnya,real
Windows udah di update ke bang,windows udah di update ke bang,lainnya,real
Kalau di install semua ga hilang kan ? Gada yg hilang gtu,kalau di install semua ga hilang kan gada yg hilang gtu,lainnya,real
Mungkin malam nanti saya ambil ya sebelum jam 9,mungkin malam nanti saya ambil ya sebelum jam,lainnya,real
Bentar ye bang,bentar ye bang,lainnya,real
karena memang dari laptopnya yang ndak mumpuni?,karena memang dari laptopnya yang ndak mumpuni,lainnya,real
bsk mungkin pagi atau sore saya ambil laptopnya,bsk mungkin pagi atau sore saya ambil laptopnya,lainnya,real
mana bang,mana bang,lainnya,real
Oky makasih bang ya,oky makasih bang ya,lainnya,real
bentar ya bang kamek cek,bentar ya bang kamek cek,lainnya,real
Tmbh itu,tmbh itu,lainnya,real
bangg,bangg,lainnya,real
jambrp tutup toko?,jambrp tutup toko,lainnya,real
Klw bisa semua semuanya si kak hm,klw bisa semua semuanya si kak hm,lainnya,real
permisi bang,permisi bang,lainnya,real
assalamualaikum bg untuk laptop saye gimne tu bg perkembangannye,assalamualaikum bg untuk laptop saye gimne tu bg perkembangannye,lainnya,real
Besok pagi/siang saye ambil bg,besok pagisiang saye ambil bg,lainnya,real
Jdi file ny bakalan hilang ya bg atau gmn,jdi file ny bakalan hilang ya bg atau gmn,lainnya,real
kira kira jam brapa bisa ambil bang?,kira kira jam brapa bisa ambil bang,lainnya,real
Ok kak makasih,ok kak makasih,lainnya,real
"Sore bang, anugerah komputer kalau malam tutup jam brpa ya?",sore bang anugerah komputer kalau malam tutup jam brpa ya,lainnya,real
Bang untuk pengecas nye tu Ade endk sekalian jual penyambung nye tu,bang untuk pengecas nye tu ade endk sekalian jual penyambung nye tu,lainnya,real
Kak apakah habis jumat slesai,kak apakah habis jumat slesai,lainnya,real
kamek sie dolok jak bentar lagi bang,kamek sie dolok jak bentar lagi bang,lainnya,real
Owh sipp bg,owh sipp bg,lainnya,real
tahan jak lok bang,tahan jak lok bang,lainnya,real
Ok,ok,lainnya,real
Bisa kurang gak bu?,bisa kurang gak bu,lainnya,real
Tes,tes,lainnya,real
"Nah itu, saya pun bingung bang kenapa malah keyboard nya jadi bermasalah, padahal sebelumnya nda pernah ada masalah",nah itu saya pun bingung bang kenapa malah keyboard nya jadi bermasalah padahal sebelumnya nda pernah ada masalah,lainnya,real
Buka sampe jam berapa bg,buka sampe jam berapa bg,lainnya,real
saya otw kak,saya otw kak,lainnya,real
"laptonya bisa diambil dulu nd kk, klo bisa nnti saya ambil tpi sudh di perbaiki blm",laptonya bisa diambil dulu nd kk klo bisa nnti saya ambil tpi sudh di perbaiki blm,lainnya,real
400 kan bg?,kan bg,lainnya,real
Iya gitu aja deh mba,iya gitu aja deh mba,lainnya,real
"Untuk perbaikannya, touchpad ya Bg?? Atau ada yg perlu diperbaiki lagi?",untuk perbaikannya touchpad ya bg atau ada yg perlu diperbaiki lagi,lainnya,real
Terimakasih yaa kk informasinyaa🙏🏻,terimakasih yaa kk informasinyaa,lainnya,real
Yg gak bisa apa2 jak kak,yg gak bisa apa jak kak,lainnya,real
Id upgrade Jak bg,id upgrade jak bg,lainnya,real
Bg bisa tf?,bg bisa tf,lainnya,real
permisi kak,permisi kak,lainnya,real
kalau keyboard 65% tu maksudnya gimanan bang,kalau keyboard tu maksudnya gimanan bang,lainnya,real
Bisa kurang gak bang?,bisa kurang gak bang,lainnya,real
Oh gitu kak. Btw kalau jual laptop bekas disini bisa gak kak?,oh gitu kak btw kalau jual laptop bekas disini bisa gak kak,lainnya,real
Bang,bang,lainnya,real
Krm lwt dana no 087753659474 bang,krm lwt dana no bang,lainnya,real
Saye ambil malam bise nd bg? Saye masih di tmpt krja,saye ambil malam bise nd bg saye masih di tmpt krja,lainnya,real
"saya ambil aja dl bang hr ini, nnt kl udh deal sm papa saya br saya kesana lagi",saya ambil aja dl bang hr ini nnt kl udh deal sm papa saya br saya kesana lagi,lainnya,real
Iya bang,iya bang,lainnya,real
Lepas aja gak masalah kan,lepas aja gak masalah kan,lainnya,real
"siap kak, nnti balik kesini lagi saya ambil nya kk",siap kak nnti balik kesini lagi saya ambil nya kk,lainnya,real
Saya otw kesana bg,saya otw kesana bg,lainnya,real
besok sya ambil yah bg,besok sya ambil yah bg,lainnya,real
Iya bg udh di pindahin,iya bg udh di pindahin,lainnya,real
Oh ok lh terimakasih ya Bg,oh ok lh terimakasih ya bg,lainnya,real
"bg, ttup?",bg ttup,lainnya,real
klo dah selesai info bg,klo dah selesai info bg,lainnya,real
Bg saye ndk bwa nota ni ndk ape ke ngambek e,bg saye ndk bwa nota ni ndk ape ke ngambek e,lainnya,real
Masalah lain gak ada bang?,masalah lain gak ada bang,lainnya,real
Ndk bsa kek biasanye gtu ke,ndk bsa kek biasanye gtu ke,lainnya,real
waduh,waduh,lainnya,real
Instal ulang dulu yak bg untuk sementara ini,instal ulang dulu yak bg untuk sementara ini,lainnya,real
"Mlm kk, mau nnya kk. Laptop yg td kmi antar (dell) atas nama Nauli udh selesai di cek kn kah kk?",mlm kk mau nnya kk laptop yg td kmi antar dell atas nama nauli udh selesai di cek kn kah kk,lainnya,real
Masih lama kah download nya bang,masih lama kah download nya bang,lainnya,real
"Mba, laptopnya udah selsau ngk ya?",mba laptopnya udah selsau ngk ya,lainnya,real
"Gak jadi bang, uangnya mau dipake keperluan lain dlu",gak jadi bang uangnya mau dipake keperluan lain dlu,lainnya,real
"Tutup jam brp ?
Hujan soalnya",tutup jam brp hujan soalnya,lainnya,real
TF kmn bang,tf kmn bang,lainnya,real
nd bg,nd bg,lainnya,real
Die kire saye yg nyuruh,die kire saye yg nyuruh,lainnya,real
bise ke abng cek kan lcd nye sekalian,bise ke abng cek kan lcd nye sekalian,lainnya,real
laptop ny atas nama martilan,laptop ny atas nama martilan,lainnya,real
Itu termasuk yang bermasalah pas mau di hidup kan itu kah bang?,itu termasuk yang bermasalah pas mau di hidup kan itu kah bang,lainnya,real
Biase ape Nye lah bang ii,biase ape nye lah bang ii,lainnya,real
Terima kasih bg,terima kasih bg,lainnya,real
gausah kalik ya cmn 1 doang,gausah kalik ya cmn doang,lainnya,real
Baik bang saya otw sekarang,baik bang saya otw sekarang,lainnya,real
makasih banyak🙏🏻🙏🏻🙏🏻,makasih banyak,lainnya,real
Tf kmna bg?,tf kmna bg,lainnya,real
Berapa biayanya ya bang,berapa biayanya ya bang,lainnya,real
Ram nya Cuma 2,ram nya cuma,lainnya,real
untuk keyboard ny ada yg lain ndak kak,untuk keyboard ny ada yg lain ndak kak,lainnya,real
ad ongkos lain kah bang pas pengambilan,ad ongkos lain kah bang pas pengambilan,lainnya,real
wifi card ny?,wifi card ny,lainnya,real
tutup JM brp bg,tutup jm brp bg,lainnya,real
saya di supadio soalnya,saya di supadio soalnya,lainnya,real
nanti malm saya ambil ya bg,nanti malm saya ambil ya bg,lainnya,real
jadi gmna tu bg,jadi gmna tu bg,lainnya,real
Tutup smpai jam berapa bg,tutup smpai jam berapa bg,lainnya,real
700 itu udh sama lcd ke belom bang,itu udh sama lcd ke belom bang,lainnya,real
Gada bang hm,gada bang hm,lainnya,real
Hallo bang,hallo bang,lainnya,real
"Baru gitu kah bg depannya, nda pakai yang patah itu lagi ya bg",baru gitu kah bg depannya nda pakai yang patah itu lagi ya bg,lainnya,real
Jadi semua total berapa bng,jadi semua total berapa bng,lainnya,real
"baik kak terimakasih infonya, mungkin malam baru bisa saya ambil",baik kak terimakasih infonya mungkin malam baru bisa saya ambil,lainnya,real
"Waalaikumsalam, tutup jam berapa bang",waalaikumsalam tutup jam berapa bang,lainnya,real
Jadi ape Nye lah bang,jadi ape nye lah bang,lainnya,real
Bang toko ny tutup jam berapa ya bang,bang toko ny tutup jam berapa ya bang,lainnya,real
Baiklah bg nanti kalau jd saya infokn,baiklah bg nanti kalau jd saya infokn,lainnya,real
biarr jakkk,biarr jakkk,lainnya,real
"Kalo emng udh nggak bisa dibetulkan biar saya ambil aja, udah lama juga",kalo emng udh nggak bisa dibetulkan biar saya ambil aja udah lama juga,lainnya,real
benar la bang,benar la bang,lainnya,real
"Waalaikumsalam..
iya baik Kak, sekitar jam 4 lewat saya ke toko ya Kak.
🙏🏻",waalaikumsalam iya baik kak sekitar jam lewat saya ke toko ya kak,lainnya,real
Jadi udah bisa ya kk?,jadi udah bisa ya kk,lainnya,real
Bg,bg,lainnya,real
bercak bercak nye nd bisa hilang ke bang,bercak bercak nye nd bisa hilang ke bang,lainnya,real
Iya min,iya min,lainnya,real
berapa ya kak biaya betulin kaya gitu,berapa ya kak biaya betulin kaya gitu,lainnya,real
yg ndk full nye k bang,yg ndk full nye k bang,lainnya,real
Intinya leptop tu bang yang bermasalah awalnya cuma mau ngidupin nya jak sulit kadang langusng hidup kadang harus di buka tutup-buka tutup dulu baru hidup kata abng saya,intinya leptop tu bang yang bermasalah awalnya cuma mau ngidupin nya jak sulit kadang langusng hidup kadang harus di buka tutupbuka tutup dulu baru hidup kata abng saya,lainnya,real
jadi supaya bisa masuk ke windows nya harus di install ulang ya kak,jadi supaya bisa masuk ke windows nya harus di install ulang ya kak,lainnya,real
Habis berapa itu bg klo di total,habis berapa itu bg klo di total,lainnya,real
"Oiya baik kak, nanti hari ini diambil",oiya baik kak nanti hari ini diambil,lainnya,real
Bang,bang,lainnya,real
Baik bang terimakasi besok bole saya bawa kesitu ya bang,baik bang terimakasi besok bole saya bawa kesitu ya bang,lainnya,real
Bang saya ambil hari minggu atau senin ya bang soal ny lagi ndk ada di ponti,bang saya ambil hari minggu atau senin ya bang soal ny lagi ndk ada di ponti,lainnya,real
tetap yg kmrn bg,tetap yg kmrn bg,lainnya,real
"Soalnya dia klo buka file, atau mau ngetik di word suka loading lama bisa terbuka filenya",soalnya dia klo buka file atau mau ngetik di word suka loading lama bisa terbuka filenya,lainnya,real
baik kk,baik kk,lainnya,real
Gimana Progress labtob sekarang bang??,gimana progress labtob sekarang bang,lainnya,real
ayamayam,ayamayam,lainnya,real
Baik bang terimakasih,baik bang terimakasih,lainnya,real
Ok,ok,lainnya,real
Ok,ok,lainnya,real
Iya Bg. Jadi perbaikannya gimana bg?,iya bg jadi perbaikannya gimana bg,lainnya,real
Berapa biayanya bang?,berapa biayanya bang,lainnya,real
Data nya ilang ga klo instal ulang?,data nya ilang ga klo instal ulang,lainnya,real
Nda ade saye ape2 kan padahal,nda ade saye ape kan padahal,lainnya,real
Jadi emg nd bise sme sekali lh ni ye bang?,jadi emg nd bise sme sekali lh ni ye bang,lainnya,real
baik bg besok siang saya ambil,baik bg besok siang saya ambil,lainnya,real
misi bang,misi bang,lainnya,real
Siapa,siapa,lainnya,real
Baik ditunggu infonya,baik ditunggu infonya,lainnya,real
gapapa,gapapa,lainnya,real
Bisa kurang gak bu?,bisa kurang gak bu,lainnya,real
Baik senin berarti sy ambil bg,baik senin berarti sy ambil bg,lainnya,real
"Bg nnti info ye bg kalau udah.
Saye yg tadi nih bg",bg nnti info ye bg kalau udah saye yg tadi nih bg,lainnya,real
bsk bisa kh diambil?,bsk bisa kh diambil,lainnya,real
Jdi gmne,jdi gmne,lainnya,real
Bg,bg,lainnya,real
test,test,lainnya,real
Kira–kira kapan bisa diambil pak?,kirakira kapan bisa diambil pak,lainnya,real
bg bisa qris/tf nd?,bg bisa qristf nd,lainnya,real
Bise ambil mlm ni kn bg?,bise ambil mlm ni kn bg,lainnya,real
Pas Abang cek SSD nya dak Ade masalah ke bang kemarin,pas abang cek ssd nya dak ade masalah ke bang kemarin,lainnya,real
Kira–kira kapan bisa diambil pak?,kirakira kapan bisa diambil pak,lainnya,real
Tutup jam brp,tutup jam brp,lainnya,real
ohhhh,ohhhh,lainnya,real
Ok makasih infonya,ok makasih infonya,lainnya,real
bole minta no rek ny?,bole minta no rek ny,lainnya,real
Jadi kalau dengan cas ni 650 ya bg,jadi kalau dengan cas ni ya bg,lainnya,real
sore bentar yaa kak,sore bentar yaa kak,lainnya,real
"Duh, ternyata harga laptop baru gak beda jauh, gak jadi ya kak",duh ternyata harga laptop baru gak beda jauh gak jadi ya kak,lainnya,real
Klau yg baru berapa kak,klau yg baru berapa kak,lainnya,real
Di keluarin aja,di keluarin aja,lainnya,real
Yg ini bg kan nota nya,yg ini bg kan nota nya,lainnya,real
nanti saya ambil,nanti saya ambil,lainnya,real
Bisa diambil malam ini jam berapa ya paling malam?,bisa diambil malam ini jam berapa ya paling malam,lainnya,real
cm mau ambil file aj,cm mau ambil file aj,lainnya,real
kalak la bang insyaallah saye ngambek nye,kalak la bang insyaallah saye ngambek nye,lainnya,real
Agak sorean ya bang saya ambilnya,agak sorean ya bang saya ambilnya,lainnya,real
Lama sekali ke bang die?,lama sekali ke bang die,lainnya,real
Tokonya jam berapa tutup ya mba,tokonya jam berapa tutup ya mba,lainnya,real
Ngape wa nye nda bise di buka ke,ngape wa nye nda bise di buka ke,lainnya,real
"di Sini bisa Jual Laptop Seken,,",di sini bisa jual laptop seken,lainnya,real
Info aja bg kalau ada laptop yg harga 2 juta ya,info aja bg kalau ada laptop yg harga juta ya,lainnya,real
Ok,ok,lainnya,real
"Alah pening kmek ni bg mnde tu orng bajak wa, ngerase menang lh die kalau tau leptop saye ndk bise dipulihkan",alah pening kmek ni bg mnde tu orng bajak wa ngerase menang lh die kalau tau leptop saye ndk bise dipulihkan,lainnya,real
"sbnarnya cma takut hilang file nya, tp klo bsa sklian mau perbaiki juga",sbnarnya cma takut hilang file nya tp klo bsa sklian mau perbaiki juga,lainnya,real
makasih banyak yaa bangggg,makasih banyak yaa bangggg,lainnya,real
ok bg nnt bpk saya yg ambil,ok bg nnt bpk saya yg ambil,lainnya,real
bkn ini laptop yg lain,bkn ini laptop yg lain,lainnya,real
besok ye bang sya ambil,besok ye bang sya ambil,lainnya,real
Maaf bg mau tanya,maaf bg mau tanya,lainnya,real
Jd udh ndk bs d selamat kan lg laptopnya bng?,jd udh ndk bs d selamat kan lg laptopnya bng,lainnya,real
"baik, siang ini saya ambil..",baik siang ini saya ambil,lainnya,real
"Permisi bang,ni laptop sinyal nya lemot,trs wifi nya sering tersambung ulang,sering disconnect, padahall wifi saya pake di hp lancar""aja ntar sore bisa kah bang saya bawa laptop nya di sana,buat di seting""biar gak lemot Singal nya",permisi bangni laptop sinyal nya lemottrs wifi nya sering tersambung ulangsering disconnect padahall wifi saya pake di hp lancaraja ntar sore bisa kah bang saya bawa laptop nya di sanabuat di setingbiar gak lemot singal nya,lainnya,real
Permisi,permisi,lainnya,real
"Ok jadi bu, tolong dikerjain ya",ok jadi bu tolong dikerjain ya,lainnya,real
Kk,kk,lainnya,real
Bang udah di bayar abang saya ya,bang udah di bayar abang saya ya,lainnya,real
Jadi itu skrg bisa hidup ka bang masih?,jadi itu skrg bisa hidup ka bang masih,lainnya,real
Bg laptop nya sudah bisa kah?,bg laptop nya sudah bisa kah,lainnya,real
InsyaAllah besok sy ambil bg,insyaallah besok sy ambil bg,lainnya,real
Sistemnya langsung tunai atau bisa nyicil kak,sistemnya langsung tunai atau bisa nyicil kak,lainnya,real
Hari minggu buka ga tempat nya?,hari minggu buka ga tempat nya,lainnya,real
Selamat pagi.. Laptop saya udh di perbaiki kah,selamat pagi laptop saya udh di perbaiki kah,lainnya,real
yg hitam tu bagian kanan nd bs kah bang,yg hitam tu bagian kanan nd bs kah bang,lainnya,real
"Yaudah gpp kak, gak jadi diperbaiki",yaudah gpp kak gak jadi diperbaiki,lainnya,real
bg mau tanya leptop nya udh betul belum,bg mau tanya leptop nya udh betul belum,lainnya,real
"Baik, Tapi malam ini sudah selesaikan pak seperti kesepakatan kita tadi malam ?",baik tapi malam ini sudah selesaikan pak seperti kesepakatan kita tadi malam,lainnya,real
Mau nanya,mau nanya,lainnya,real
Yg kabel penyambung nye tdik tuu bang,yg kabel penyambung nye tdik tuu bang,lainnya,real
saya mau jual ssd,saya mau jual ssd,lainnya,real
Mungkin besok baru saya bisa ambil🙏🙏,mungkin besok baru saya bisa ambil,lainnya,real
"Siap, ditunggu infonya",siap ditunggu infonya,lainnya,real
Saya otw skng bg,saya otw skng bg,lainnya,real
500 nda bisa ya,nda bisa ya,lainnya,real
"Laptop saye ndk mau hidup bang
Setelah di restart die ndk mau idup
Tpi kipas nye bunyi nyaring",laptop saye ndk mau hidup bang setelah di restart die ndk mau idup tpi kipas nye bunyi nyaring,lainnya,real
G,g,lainnya,real
"Coba di instalkan windows 11 dulu bang, soalnya kata pemilik sebelumnya, sebelum dia reset ke windows 10 tu ga ada masalah",coba di instalkan windows dulu bang soalnya kata pemilik sebelumnya sebelum dia reset ke windows tu ga ada masalah,lainnya,real
"Waalaikumsalam, baik Bang, terimakasih Bang",waalaikumsalam baik bang terimakasih bang,lainnya,real
Laptopnya,laptopnya,lainnya,real
kira” brp ya bg btlkn ny,kira brp ya bg btlkn ny,lainnya,real
Ohhh baik lhh bng,ohhh baik lhh bng,lainnya,real
Ok tq,ok tq,lainnya,real
sipp,sipp,lainnya,real
Yang positif service yang kecil dulu bg🙏🏻,yang positif service yang kecil dulu bg,lainnya,real
Alaaa bangg,alaaa bangg,lainnya,real
Wait,wait,lainnya,real
Jdi yg disini hilang semua? Benar2 nd ada yg di backup?,jdi yg disini hilang semua benar nd ada yg di backup,lainnya,real
Semoga baik baik saja 🤲😅,semoga baik baik saja,lainnya,real
bg kirim no rek,bg kirim no rek,lainnya,real
jadi besok saya tinggal ambil aja,jadi besok saya tinggal ambil aja,lainnya,real
Iye bang,iye bang,lainnya,real
Laptopnya baru saya coba pakai pagi ini,laptopnya baru saya coba pakai pagi ini,lainnya,real
Ok,ok,lainnya,real
mf kk nnti aj,mf kk nnti aj,lainnya,real
min adakah ready laptop yang budgetnye 4-5 jutaan,min adakah ready laptop yang budgetnye jutaan,lainnya,real
Berapa semuanya ongkosnya bang,berapa semuanya ongkosnya bang,lainnya,real
1 ja si,ja si,lainnya,real
tanyak orng nya dlu ya,tanyak orng nya dlu ya,lainnya,real
"Sore kak, baik terimakasih kak saya konfirmasi dulu ya kak sama orang tua kalau laptopnya sudah selesai",sore kak baik terimakasih kak saya konfirmasi dulu ya kak sama orang tua kalau laptopnya sudah selesai,lainnya,real
ok,ok,lainnya,real
saya mau jual laptop,saya mau jual laptop,lainnya,real
sudah buka kah hari ini?,sudah buka kah hari ini,lainnya,real
Bearti masalah laptopnya di processor ya,bearti masalah laptopnya di processor ya,lainnya,real
Bisa di ambil kapan setelah smua di servis,bisa di ambil kapan setelah smua di servis,lainnya,real
Malam kak,malam kak,lainnya,real
"Katanya udh dibongkar BG, soalnya segelnya dh kebuka?",katanya udh dibongkar bg soalnya segelnya dh kebuka,lainnya,real
Iye bg,iye bg,lainnya,real
Ok,ok,lainnya,real
Sya pikir2 dlu bu,sya pikir dlu bu,lainnya,real
klo gnti brp bg,klo gnti brp bg,lainnya,real
"Hallo maaf kak, kalau ngambil sekarang bisa nggak kak?. Toko nya tutup jam berapa kak?",hallo maaf kak kalau ngambil sekarang bisa nggak kak toko nya tutup jam berapa kak,lainnya,real
Owalah,owalah,lainnya,real
Sore pak. Pasw 123456,sore pak pasw,lainnya,real
Udh ya bg,udh ya bg,lainnya,real
Bsok bsa ambil ya?,bsok bsa ambil ya,lainnya,real
Ini laptop black lagi ya. Bisa di setting lagi. Balik lagi ke awal ne,ini laptop black lagi ya bisa di setting lagi balik lagi ke awal ne,lainnya,real
jam berapa toko tutup,jam berapa toko tutup,lainnya,real
Klo gtu gmne la bg,klo gtu gmne la bg,lainnya,real
sip,sip,lainnya,real
"Mungkin blm  bisa hari ini Sy kesana bg, soalnya masih di kampung",mungkin blm bisa hari ini sy kesana bg soalnya masih di kampung,lainnya,real
besok jak kak,besok jak kak,lainnya,real
"Dia tu kek nda sesuai gitu, kita pencet apa munculnya apa, misal saya pencet huruf o dia langsung arahkan ke folder, trus pencet huruf lain, langsung new tab, pencet huruf lain lagi malah ke profil google, kek aneh gitu",dia tu kek nda sesuai gitu kita pencet apa munculnya apa misal saya pencet huruf o dia langsung arahkan ke folder trus pencet huruf lain langsung new tab pencet huruf lain lagi malah ke profil google kek aneh gitu,lainnya,real
Sye bwa ja dlu nngu kumpulkan uang bru cobe prbaiki,sye bwa ja dlu nngu kumpulkan uang bru cobe prbaiki,lainnya,real
Assalamualaikum warahmatullahi wabarokatuh,assalamualaikum warahmatullahi wabarokatuh,lainnya,real
Hrus instalnulang lagi la ye ?,hrus instalnulang lagi la ye,lainnya,real
Ade data pdf ga dstu?,ade data pdf ga dstu,lainnya,real
Owh Iya Bg,owh iya bg,lainnya,real
Bayarnya bisa qris ga?,bayarnya bisa qris ga,lainnya,real
bg ad biaya tambahan gk,bg ad biaya tambahan gk,lainnya,real
Saye bru balek dri ketapang soal ny bg,saye bru balek dri ketapang soal ny bg,lainnya,real
malam tutup jam berapa ya bang ?,malam tutup jam berapa ya bang,lainnya,real
Jdi bru ku bawa ke toko abg,jdi bru ku bawa ke toko abg,lainnya,real
udah ke bang laptop nya?,udah ke bang laptop nya,lainnya,real
frame masih kosong skrang ya bang,frame masih kosong skrang ya bang,lainnya,real
"Iya mas, dsini kondisi hujan",iya mas dsini kondisi hujan,lainnya,real
Ok,ok,lainnya,real
Ok tq.,ok tq,lainnya,real
"Siang bang, jumatan kah hr ini? Jm brp buka lagi?",siang bang jumatan kah hr ini jm brp buka lagi,lainnya,real
bg bise nda ye saye minta instal windows yg lama .. karne saye tak ngerti pake windows yg skrg malah jadi kek gaptek 🥲,bg bise nda ye saye minta instal windows yg lama karne saye tak ngerti pake windows yg skrg malah jadi kek gaptek,lainnya,real
"Yaudah gpp kak, gak jadi diperbaiki",yaudah gpp kak gak jadi diperbaiki,lainnya,real
Bg bisa downlond kan Canva kh,bg bisa downlond kan canva kh,lainnya,real
Hallo bg maaf mau tanya laptop yg ini gimna ya? Udah selesai blm ya?,hallo bg maaf mau tanya laptop yg ini gimna ya udah selesai blm ya,lainnya,real
Itu aja kah bg perbaikannya?,itu aja kah bg perbaikannya,lainnya,real
"Iya lah bang, nanti saya kesana 
Malam abng buka kah?",iya lah bang nanti saya kesana malam abng buka kah,lainnya,real
iya kak,iya kak,lainnya,real
Iye bang,iye bang,lainnya,real
Ok,ok,lainnya,real
Brp ye bang DP ny?,brp ye bang dp ny,lainnya,real
Waalaikumsalam,waalaikumsalam,lainnya,real
"Maaf bang mau tanya, laptop nya gimna ya bg?",maaf bang mau tanya laptop nya gimna ya bg,lainnya,real
Sepertinya semua bang,sepertinya semua bang,lainnya,real
Laptopnyaa gimna ya bg?,laptopnyaa gimna ya bg,lainnya,real
Ohh baik lahh bang,ohh baik lahh bang,lainnya,real
Bisa tf dana nd bang,bisa tf dana nd bang,lainnya,real
kena brp bg biaya ny,kena brp bg biaya ny,lainnya,real
Sya pikir2 dlu bang,sya pikir dlu bang,lainnya,real
Nggak bisa ya berarti,nggak bisa ya berarti,lainnya,real
Besok bukak jam berapa Bg,besok bukak jam berapa bg,lainnya,real
Saya belum ambil bg,saya belum ambil bg,lainnya,real
bang jam berapa tutup ?,bang jam berapa tutup,lainnya,real
Coba sore di cek lagi ya.,coba sore di cek lagi ya,lainnya,real
bg hubungi ini ya,bg hubungi ini ya,lainnya,real
bang kok laptop saya gamau nyala lagi ya,bang kok laptop saya gamau nyala lagi ya,lainnya,real
keyboard nya,keyboard nya,lainnya,real
Owh ok Bang,owh ok bang,lainnya,real
permisi kakk,permisi kakk,lainnya,real
Aku ambil aja bang,aku ambil aja bang,lainnya,real
Oke bg,oke bg,setuju,real
Okey bg,okey bg,setuju,real
Okey bg bntr lagi saya kesana,okey bg bntr lagi saya kesana,setuju,real
oke nnti saya bawa,oke nnti saya bawa,setuju,real
oke bg,oke bg,setuju,real
oke bg,oke bg,setuju,real
Oke bang,oke bang,setuju,real
Okeey min,okeey min,setuju,real
oalahh oke deh min,oalahh oke deh min,setuju,real
"🔄 *Pesan pengingat agar nomormu aman*

Pastikan pulsa kamu selalu cukup untuk tetap menikmati koneksi IM3. Informasi dan layanan isi ulang pulsa dapat diakses langsung lewat IM3 WhatsApp.

Klik *Isi Pulsa* untuk melanjutkan.",pesan pengingat agar nomormu aman pastikan pulsa kamu selalu cukup untuk tetap menikmati koneksi im informasi dan layanan isi ulang pulsa dapat diakses langsung lewat im whatsapp klik isi pulsa untuk melanjutkan,setuju,real
"🔄 *Pesan pengingat agar nomormu aman*

Pastikan pulsa kamu selalu cukup untuk tetap menikmati koneksi IM3. Informasi dan layanan isi ulang pulsa dapat diakses langsung lewat IM3 WhatsApp.

Klik *Isi Pulsa* untuk melanjutkan.",pesan pengingat agar nomormu aman pastikan pulsa kamu selalu cukup untuk tetap menikmati koneksi im informasi dan layanan isi ulang pulsa dapat diakses langsung lewat im whatsapp klik isi pulsa untuk melanjutkan,setuju,real
oke kak terimakasi,oke kak terimakasi,setuju,real
okey bang terimakasih,okey bang terimakasih,setuju,real
"oke kak, thankyou",oke kak thankyou,setuju,real
kalau boleh tau buka dri jam brp bg?,kalau boleh tau buka dri jam brp bg,setuju,real
Oke bg,oke bg,setuju,real
Sian harapan ke dah ratinye selaing ganti masen,sian harapan ke dah ratinye selaing ganti masen,setuju,real
Oke bang hari ni saya datang ke store,oke bang hari ni saya datang ke store,setuju,real
Oke bang ntar sore saya ke sana,oke bang ntar sore saya ke sana,setuju,real
okey kak,okey kak,setuju,real
oke min,oke min,setuju,real
Oke bang lanjut perbaiki,oke bang lanjut perbaiki,setuju,real
Ooo gitu oke lah bang,ooo gitu oke lah bang,setuju,real
"boleh bang di betulkan aja, prosesnya cepat ga ya kira’?",boleh bang di betulkan aja prosesnya cepat ga ya kira,setuju,real
okee bang,okee bang,setuju,real
oke bang,oke bang,setuju,real
oke,oke,setuju,real
Oke baik Laksanakan,oke baik laksanakan,setuju,real
Oh oke siap laksanakan.,oh oke siap laksanakan,setuju,real
Oke bang,oke bang,setuju,real
"Selamat malam bang maaf sblmnya menganggu, saya mau nanya nih kenapa ya smart gesture scroll 2 fingers d laptop saya jd nda berfungsi ya semenjak di install ulang kemarin, awalnya saya pikir karena laptop saya belum tersambung k internet makanya ada instalan ny blm selesai, tapi setelah kemarin tersambung k internet dan saya cb² lihat di laman pengaturan nya ttp nda bisa berfungsi itu kenapa ya?",selamat malam bang maaf sblmnya menganggu saya mau nanya nih kenapa ya smart gesture scroll fingers d laptop saya jd nda berfungsi ya semenjak di install ulang kemarin awalnya saya pikir karena laptop saya belum tersambung k internet makanya ada instalan ny blm selesai tapi setelah kemarin tersambung k internet dan saya cb lihat di laman pengaturan nya ttp nda bisa berfungsi itu kenapa ya,setuju,real
Oke bg,oke bg,setuju,real
Oke bang saya jemput ke sana,oke bang saya jemput ke sana,setuju,real
oke bg,oke bg,setuju,real
"Oke bang, baru mau dichat padahal",oke bang baru mau dichat padahal,setuju,real
Bedanya di ganti sama servis apa nya bang,bedanya di ganti sama servis apa nya bang,setuju,real
oke bentar ya bang tanya bapak dulu,oke bentar ya bang tanya bapak dulu,setuju,real
kalau ganti keyboard nya berapa bang ?,kalau ganti keyboard nya berapa bang,setuju,real
nanti yaa bang bapak belum on soal nya nanti kamek konfirmasi abang kalau ganti keyboard nya juga,nanti yaa bang bapak belum on soal nya nanti kamek konfirmasi abang kalau ganti keyboard nya juga,setuju,real
"yang bagian mesin sama speker nya saja dulu bang kalau gitu ga buru” sih bang, nanti tunggu bapak on kamek kabarin abang ya, jangan servis dulu gapapa bang siapa tau nanti bapak suruh ganti juga kebybord nya jadi ga sering bongkar pasang",yang bagian mesin sama speker nya saja dulu bang kalau gitu ga buru sih bang nanti tunggu bapak on kamek kabarin abang ya jangan servis dulu gapapa bang siapa tau nanti bapak suruh ganti juga kebybord nya jadi ga sering bongkar pasang,setuju,real
okey bang nanti kamek konfir masi abang ya,okey bang nanti kamek konfir masi abang ya,setuju,real
oke bang boleh bang ganti keyboard nya juga,oke bang boleh bang ganti keyboard nya juga,setuju,real
iya bang besok ngambil nya boleh kah tapi kalau nanti malam uang nya cepat di tf kamek ambil nanti malam bang,iya bang besok ngambil nya boleh kah tapi kalau nanti malam uang nya cepat di tf kamek ambil nanti malam bang,setuju,real
oke bang makasih,oke bang makasih,setuju,real
oke bang,oke bang,setuju,real
bang kamek ambil nya  boleh kah atau sore kamis karna posisi lagi di mempawah bang ambik data lapangan,bang kamek ambil nya boleh kah atau sore kamis karna posisi lagi di mempawah bang ambik data lapangan,setuju,real
oh boleh bang kalau gitu yang penting data nya ga ilang bang,oh boleh bang kalau gitu yang penting data nya ga ilang bang,setuju,real
okey bang maaf ya bang,okey bang maaf ya bang,setuju,real
okey bang besok buka kah bang ? soal nya malam ni kamek balik pnk bang,okey bang besok buka kah bang soal nya malam ni kamek balik pnk bang,setuju,real
okey bang maaf ya bang besok pasti kamek ambil bang,okey bang maaf ya bang besok pasti kamek ambil bang,setuju,real
oke bang,oke bang,setuju,real
okey bang,okey bang,setuju,real
Oke bag,oke bag,setuju,real
Okee bang,okee bang,setuju,real
iyaa boleh bang,iyaa boleh bang,setuju,real
oke sore ya kak,oke sore ya kak,setuju,real
Kalau ganti keyboard brapa kak,kalau ganti keyboard brapa kak,setuju,real
Kalau ganti keyboard lama gak,kalau ganti keyboard lama gak,setuju,real
Ganti ajalah kak sekalian,ganti ajalah kak sekalian,setuju,real
Okeee kk nnti saya ambil leptop nya,okeee kk nnti saya ambil leptop nya,setuju,real
boleh katanya bg,boleh katanya bg,setuju,real
ganti katanya bg,ganti katanya bg,setuju,real
okee,okee,setuju,real
brp total ganti nya bg,brp total ganti nya bg,setuju,real
oke gas bg,oke gas bg,setuju,real
yauda ganti dlu aja bg,yauda ganti dlu aja bg,setuju,real
ganti bg,ganti bg,setuju,real
okee,okee,setuju,real
"Siang, oke",siang oke,setuju,real
Ndk jadi ganti aja kak,ndk jadi ganti aja kak,setuju,real
Salah kak maksudnya jangan ganti,salah kak maksudnya jangan ganti,setuju,real
Makanya saya tidak ganti kak,makanya saya tidak ganti kak,setuju,real
Ganti ssd 128 gak kurang lagi.,ganti ssd gak kurang lagi,setuju,real
Oke bangg,oke bangg,setuju,real
okeii bg,okeii bg,setuju,real
oke bg saya bawa ke sana,oke bg saya bawa ke sana,setuju,real
laptonya udh boleh diambil kah bg,laptonya udh boleh diambil kah bg,setuju,real
soalny tiap saya tinggl bntr laptop tu tibe” blue screen trs file ny tu terapus yg udh saya kerjakan,soalny tiap saya tinggl bntr laptop tu tibe blue screen trs file ny tu terapus yg udh saya kerjakan,setuju,real
oke bg,oke bg,setuju,real
okei bg terimakasih ya,okei bg terimakasih ya,setuju,real
Oke Bg,oke bg,setuju,real
Oke bg malam ya,oke bg malam ya,setuju,real
iyaa okeey,iyaa okeey,setuju,real
Oke bg saye infokan ke ibu saye dlu ye,oke bg saye infokan ke ibu saye dlu ye,setuju,real
Boleh bg,boleh bg,setuju,real
Oke bg info jak nanti ye,oke bg info jak nanti ye,setuju,real
Oke bg,oke bg,setuju,real
Oh oke sebentar ya,oh oke sebentar ya,setuju,real
Oke,oke,setuju,real
okee bangg,okee bangg,setuju,real
"*Program Cegah Stroke*
Jangan sepelekan tekanan darah tinggi berulang lebih dari 130/90mmhg disertai dengan nyeri kepala (migrain berulang) maupun pusing berputar (vertigo) atau ngambang (vertigo central) bila disertai dengan riwayat pandangan gelap atau berkunang kunang atau kesemutan (neuropati) artinya aliran darah ke otak kurang lancar (vertebrobasilar artery sindrome) gejala awal stroke.
Terlebih ada riwayat gula darah tinggi >150mg/dl (diabetes), segera konsultasi. Biaya GRATIS/ Seikhlasnya.",program cegah stroke jangan sepelekan tekanan darah tinggi berulang lebih dari mmhg disertai dengan nyeri kepala migrain berulang maupun pusing berputar vertigo atau ngambang vertigo central bila disertai dengan riwayat pandangan gelap atau berkunang kunang atau kesemutan neuropati artinya aliran darah ke otak kurang lancar vertebrobasilar artery sindrome gejala awal stroke terlebih ada riwayat gula darah tinggi mgdl diabetes segera konsultasi biaya gratis seikhlasnya,setuju,real
"Total semua segitu ya, Boleh. Terimakasih",total semua segitu ya boleh terimakasih,setuju,real
Okeoke,okeoke,setuju,real
agak malaman ya bang sy ngambilnya,agak malaman ya bang sy ngambilnya,setuju,real
"Oke lh bg, tapi itu kira2 matot atau casnya bg yg bermasalah kira2",oke lh bg tapi itu kira matot atau casnya bg yg bermasalah kira,setuju,real
jadi ganti pasta aja,jadi ganti pasta aja,setuju,real
brpaan kira kira gantinya tu bg,brpaan kira kira gantinya tu bg,setuju,real
itu ssdnya upgrade atau ganti yg sama kak,itu ssdnya upgrade atau ganti yg sama kak,setuju,real
oke baik bg,oke baik bg,setuju,real
"okeyy bangg, makasihh banyakk",okeyy bangg makasihh banyakk,setuju,real
okeyy,okeyy,setuju,real
udh tipis tu ap nye ye bg yg tipis klo boleh tau,udh tipis tu ap nye ye bg yg tipis klo boleh tau,setuju,real
klo mau ganti frame berape ye bg,klo mau ganti frame berape ye bg,setuju,real
untuk layarnye aman nd bg? abang udh cobe hidupin belum?,untuk layarnye aman nd bg abang udh cobe hidupin belum,setuju,real
emm oke bg makasi bg,emm oke bg makasi bg,setuju,real
kenak harga brp bang kalo ganti frame depan belakang,kenak harga brp bang kalo ganti frame depan belakang,setuju,real
aman lcd nya kan bang,aman lcd nya kan bang,setuju,real
oke bg makasi mungkin mingdep saye ambek laptopnye bg,oke bg makasi mungkin mingdep saye ambek laptopnye bg,setuju,real
Ganti aja bang,ganti aja bang,setuju,real
okey bang,okey bang,setuju,real
oke ka jam 4/5 ya saya ambil,oke ka jam ya saya ambil,setuju,real
boleh bang,boleh bang,setuju,real
"Waalaikumsallam bg, kalau ganti hardisk apakah file’dilaptop nya hilang bg",waalaikumsallam bg kalau ganti hardisk apakah filedilaptop nya hilang bg,setuju,real
Okei bg saya tanya orng rumah dulu nnti saya kabari lagii,okei bg saya tanya orng rumah dulu nnti saya kabari lagii,setuju,real
Iya bolehh bg instal ulang aja,iya bolehh bg instal ulang aja,setuju,real
Diskon dikit boleh pak?,diskon dikit boleh pak,setuju,real
Laptop nya boleh diambil kapan kak?,laptop nya boleh diambil kapan kak,setuju,real
Diskon dikit boleh bg?,diskon dikit boleh bg,setuju,real
"Ok sip, lanjut ganti nya bu",ok sip lanjut ganti nya bu,setuju,real
Diskon dikit boleh bang?,diskon dikit boleh bang,setuju,real
Diskon dikit boleh bg?,diskon dikit boleh bg,setuju,real
"Oke pak, jadi diperbaiki",oke pak jadi diperbaiki,setuju,real
Laptop nya boleh diambil kapan bu?,laptop nya boleh diambil kapan bu,setuju,real
"Ok sip, lanjut ganti nya kak",ok sip lanjut ganti nya kak,setuju,real
Diskon dikit boleh bu?,diskon dikit boleh bu,setuju,real
Diskon dikit boleh bg?,diskon dikit boleh bg,setuju,real
Laptop nya boleh diambil kapan bg?,laptop nya boleh diambil kapan bg,setuju,real
"Oke pak, jadi diperbaiki",oke pak jadi diperbaiki,setuju,real
"Boleh, kapan bisa selesai bu",boleh kapan bisa selesai bu,setuju,real
Laptop nya boleh diambil kapan bu?,laptop nya boleh diambil kapan bu,setuju,real
Laptop nya boleh diambil kapan bang?,laptop nya boleh diambil kapan bang,setuju,real
Diskon dikit boleh bu?,diskon dikit boleh bu,setuju,real
Diskon dikit boleh kak?,diskon dikit boleh kak,setuju,real
Laptop nya boleh diambil kapan kak?,laptop nya boleh diambil kapan kak,setuju,real
Diskon dikit boleh kak?,diskon dikit boleh kak,setuju,real
"Oke kak, jadi diperbaiki",oke kak jadi diperbaiki,setuju,real
Diskon dikit boleh bu?,diskon dikit boleh bu,setuju,real
"Ok sip, lanjut ganti nya bu",ok sip lanjut ganti nya bu,setuju,real
Diskon dikit boleh bg?,diskon dikit boleh bg,setuju,real
Laptop nya boleh diambil kapan bg?,laptop nya boleh diambil kapan bg,setuju,real
Laptop nya boleh diambil kapan kak?,laptop nya boleh diambil kapan kak,setuju,real
Boleh di tf,boleh di tf,setuju,real
"siang kak, mau tanya ganti baterai laptop dell inspiron 5405 bs ga ya",siang kak mau tanya ganti baterai laptop dell inspiron bs ga ya,setuju,real
okeii boleh yaa kak,okeii boleh yaa kak,setuju,real
tolong sampe bisa nyaman aman sentosa yaa kak🙏🏻,tolong sampe bisa nyaman aman sentosa yaa kak,setuju,real
"okei kak, besok kalo udh selesai.
Kabarin aja yaa kak, Terima Kasih",okei kak besok kalo udh selesai kabarin aja yaa kak terima kasih,setuju,real
"okei kak, nanti saya ambil kesitu yaa",okei kak nanti saya ambil kesitu yaa,setuju,real
Oke bang,oke bang,setuju,real
okey kak,okey kak,setuju,real
"soalnya kmrn pan juga kosong di tokoh nya cuman dipesankan sm storenya, sy pernah ganti pan nya di store kk",soalnya kmrn pan juga kosong di tokoh nya cuman dipesankan sm storenya sy pernah ganti pan nya di store kk,setuju,real
okey kak infokan saja ya,okey kak infokan saja ya,setuju,real
okey kak,okey kak,setuju,real
soalnya mau ngasih tau ortu kan ini diperbaiki jg yg layar hitamnya kan yg ga bisa tampil dn  ga diganti lcd yg baru jadi biar tau apa aja gt yg di ganti,soalnya mau ngasih tau ortu kan ini diperbaiki jg yg layar hitamnya kan yg ga bisa tampil dn ga diganti lcd yg baru jadi biar tau apa aja gt yg di ganti,setuju,real
"ooh oke"" kak perbaiki saja ya disitu nanti kl udh selesai kabarin",ooh oke kak perbaiki saja ya disitu nanti kl udh selesai kabarin,setuju,real
okey kak infokn kl sudah selesai diperbaiki,okey kak infokn kl sudah selesai diperbaiki,setuju,real
oke bg nanti diambil,oke bg nanti diambil,setuju,real
Waalaikumsalam oke bang,waalaikumsalam oke bang,setuju,real
soalnya cuman buat tugas jaa bang,soalnya cuman buat tugas jaa bang,setuju,real
okee mksih bang harganya sama atau beda bang,okee mksih bang harganya sama atau beda bang,setuju,real
okee makasihhh banggg,okee makasihhh banggg,setuju,real
Oke bang,oke bang,setuju,real
Oke bang,oke bang,setuju,real
okes siap bang,okes siap bang,setuju,real
Waalaikumussalam oke bang,waalaikumussalam oke bang,setuju,real
Oke bang,oke bang,setuju,real
Okee maksh bang nnti saye ambil,okee maksh bang nnti saye ambil,setuju,real
Okee kak saya ambil di hari jumat ya kak,okee kak saya ambil di hari jumat ya kak,setuju,real
Okee kak makasih infonya,okee kak makasih infonya,setuju,real
"Okela bang
Nnti saye kesitu klw udh nd ujan",okela bang nnti saye kesitu klw udh nd ujan,setuju,real
"Okela bang nanti saya pikirkan dulu 
Klo laptopnya disiitu dulu ndk apa kan bang?",okela bang nanti saya pikirkan dulu klo laptopnya disiitu dulu ndk apa kan bang,setuju,real
Oke bang,oke bang,setuju,real
Oke bang,oke bang,setuju,real
"Okey bang, ntar sore sye ambill",okey bang ntar sore sye ambill,setuju,real
Okee bang,okee bang,setuju,real
oke bang diambil mlm ini aja,oke bang diambil mlm ini aja,setuju,real
Oke gpp mas,oke gpp mas,setuju,real
Oke gppa mas,oke gppa mas,setuju,real
Oke makasih mas,oke makasih mas,setuju,real
"Waalaikumsalam, Oke nanti saya ke sana",waalaikumsalam oke nanti saya ke sana,setuju,real
Oke boleh kak lnjutkan,oke boleh kak lnjutkan,setuju,real
Iya kak lanjutkan 🙏🏻,iya kak lanjutkan,setuju,real
Oke kak info jak,oke kak info jak,setuju,real
"oke bang, intinya dak ke tekan"" sendiri",oke bang intinya dak ke tekan sendiri,setuju,real
oke ka tar ya balik ngampus,oke ka tar ya balik ngampus,setuju,real
Okeee kak,okeee kak,setuju,real
Okee kak,okee kak,setuju,real
Okee bangg,okee bangg,setuju,real
Okee bg,okee bg,setuju,real
oke kk bsk yaa,oke kk bsk yaa,setuju,real
"oke bang, agak sore nanti ya bang soalnya lagi kegiatan di luar",oke bang agak sore nanti ya bang soalnya lagi kegiatan di luar,setuju,real
boleh bang,boleh bang,setuju,real
oke bang,oke bang,setuju,real
"oke bang, nanti sore saya kesana",oke bang nanti sore saya kesana,setuju,real
Kalo boleh tau bang kalo semisalnya bongkar biayanya berapa ya bng? Apakah nambah,kalo boleh tau bang kalo semisalnya bongkar biayanya berapa ya bng apakah nambah,setuju,real
Boleh bang,boleh bang,setuju,real
"Boleh kah saya ketempat Abg lagi mastikanya, soalnya ndk bisa hidup ni laptopnya",boleh kah saya ketempat abg lagi mastikanya soalnya ndk bisa hidup ni laptopnya,setuju,real
Kalo boleh tau apa masalah dalam labtob tu ya  bang? Lupa saya bng,kalo boleh tau apa masalah dalam labtob tu ya bang lupa saya bng,setuju,real
"Oke, besok pagi saya ambil",oke besok pagi saya ambil,setuju,real
Data aman kah min,data aman kah min,setuju,real
"Oke, Thankyou",oke thankyou,setuju,real
Oo gtu ya oke la bg..upgrade lagi aja la bg ke wd 11,oo gtu ya oke la bgupgrade lagi aja la bg ke wd,setuju,real
Oke la bg,oke la bg,setuju,real
Bg boleh liatkn di document nd bg?,bg boleh liatkn di document nd bg,setuju,real
Ha boleh nd kirim ke saye atau simpan ke data d bg ye,ha boleh nd kirim ke saye atau simpan ke data d bg ye,setuju,real
Okee makasii bg,okee makasii bg,setuju,real
Waalaikumussalam oke bang,waalaikumussalam oke bang,setuju,real
Okee bg,okee bg,setuju,real
Okelah bg,okelah bg,setuju,real
Okey bang,okey bang,setuju,real
Okey bang,okey bang,setuju,real
Okey bg,okey bg,setuju,real
Boleh krim norek nya nda,boleh krim norek nya nda,setuju,real
berarti harus di ganti keyboard ny dlu baru bisa di instal ulang kak,berarti harus di ganti keyboard ny dlu baru bisa di instal ulang kak,setuju,real
Oke sip bg terimakasih infonya,oke sip bg terimakasih infonya,setuju,real
aman kan bang?,aman kan bang,setuju,real
okeey,okeey,setuju,real
okeyy bang,okeyy bang,setuju,real
"maaf bang br lihat, kalo ganti hard disk aja gimana bang",maaf bang br lihat kalo ganti hard disk aja gimana bang,setuju,real
oke sep bang,oke sep bang,setuju,real
Ok lh bang.yg pnting aman,ok lh bangyg pnting aman,setuju,real
Udah aman semua yg lain tu bng,udah aman semua yg lain tu bng,setuju,real
"bang, kalau ganti batrai brp-an ya?",bang kalau ganti batrai brpan ya,setuju,real
Oke bang,oke bang,setuju,real
okee bang,okee bang,setuju,real
oke bang,oke bang,setuju,real
Oke bg,oke bg,setuju,real
Okei bg,okei bg,setuju,real
okeyy,okeyy,setuju,real
Oke bang,oke bang,setuju,real
Boleh bang,boleh bang,setuju,real
Oke bang,oke bang,setuju,real
Boleh video in endk bang,boleh video in endk bang,setuju,real
Oke bang besok saya ambil,oke bang besok saya ambil,setuju,real
Oke bang,oke bang,setuju,real
Oke bang,oke bang,setuju,real
okeyy baik kak,okeyy baik kak,setuju,real
iya kak lanjut,iya kak lanjut,setuju,real
kak boleh minta tolong copotkan ssd penyimpanan nggak? saya mau ambil laptop nya sekarang,kak boleh minta tolong copotkan ssd penyimpanan nggak saya mau ambil laptop nya sekarang,setuju,real
okey makasih kak,okey makasih kak,setuju,real
Ohh okee bang?,ohh okee bang,setuju,real
Okee bang,okee bang,setuju,real
"Okee kak, kabarin aja nnti ya bg",okee kak kabarin aja nnti ya bg,setuju,real
Ohh okee bang,ohh okee bang,setuju,real
Ohh oke bang,ohh oke bang,setuju,real
okey bg bntr lagi otw,okey bg bntr lagi otw,setuju,real
"Owalah, gitu berarti harus ganti baterai ya kak ?",owalah gitu berarti harus ganti baterai ya kak,setuju,real
Oke kak kalo gitu brarti masi bisa di pakai normal walau tanpa baterai ya yg penting sambil di charger👌,oke kak kalo gitu brarti masi bisa di pakai normal walau tanpa baterai ya yg penting sambil di charger,setuju,real
"Oke kak nanti saya kabarin lagi masi mau nyari-nyari laptop secund soalnya, sama mau nabung dulu 🙏",oke kak nanti saya kabarin lagi masi mau nyarinyari laptop secund soalnya sama mau nabung dulu,setuju,real
Siiip oke makasi kak,siiip oke makasi kak,setuju,real
oke bang,oke bang,setuju,real
bang kalau ganti touchpad tu brp?,bang kalau ganti touchpad tu brp,setuju,real
oke bang,oke bang,setuju,real
"oke bang, tutup jam brapa",oke bang tutup jam brapa,setuju,real
okee,okee,setuju,real
Oke siap bang sore atau Maghrib saye ke sana,oke siap bang sore atau maghrib saye ke sana,setuju,real
Okey bang bentar lagi di ambil,okey bang bentar lagi di ambil,setuju,real
Oke kk,oke kk,setuju,real
Jadi aman kah kak?,jadi aman kah kak,setuju,real
oke bang,oke bang,setuju,real
Oke bang nnti sore saya ambil,oke bang nnti sore saya ambil,setuju,real
Oke... Ditunggu info lanjutan. Setelah cek ulang. TRIms 🙏,oke ditunggu info lanjutan setelah cek ulang trims,setuju,real
"Selamat pagii .. update kondisi laptop Lenovo yg saya titip kemarin.? Apakah bisa diperbaiki atau ada part yg hrs ganti?

TRIms 🙏",selamat pagii update kondisi laptop lenovo yg saya titip kemarin apakah bisa diperbaiki atau ada part yg hrs ganti trims,setuju,real
Utk LCD touchscreen mungkin tak apalah tak bisa diperbaiki atau diganti LCD nya,utk lcd touchscreen mungkin tak apalah tak bisa diperbaiki atau diganti lcd nya,setuju,real
Ok.info lanjutan ditunggu. Trims,okinfo lanjutan ditunggu trims,setuju,real
oke bang,oke bang,setuju,real
oke bang,oke bang,setuju,real
oke bang beso ya saya ambilnya,oke bang beso ya saya ambilnya,setuju,real
lcd aman ke bang,lcd aman ke bang,setuju,real
okee lanjutkan service nya bang kalau udah selesai konfirmasi yaa,okee lanjutkan service nya bang kalau udah selesai konfirmasi yaa,setuju,real
"siang.
okei nanti saya ambil",siang okei nanti saya ambil,setuju,real
file aman ndaa bang?,file aman ndaa bang,setuju,real
okelaa bang,okelaa bang,setuju,real
Okeyy bg besok jak ya saya ambil,okeyy bg besok jak ya saya ambil,setuju,real
okeee,okeee,setuju,real
Oke,oke,setuju,real
Ganti mesin atau gimana bg?,ganti mesin atau gimana bg,setuju,real
"Oke bg, ntr saya nanya ortu dulu ya bg",oke bg ntr saya nanya ortu dulu ya bg,setuju,real
Oke ntr saya tanya ortu dulu ya bg,oke ntr saya tanya ortu dulu ya bg,setuju,real
Bg ada garansinya nda ya kalau udah ganti frame,bg ada garansinya nda ya kalau udah ganti frame,setuju,real
Boleh bg,boleh bg,setuju,real
Oke bang,oke bang,setuju,real
oke,oke,setuju,real
Boleh,boleh,setuju,real
Okey bg,okey bg,setuju,real
"Oke"". Toko tutup jam berape ?",oke toko tutup jam berape,setuju,real
Oke bg. Bentar lagi saya kesana,oke bg bentar lagi saya kesana,setuju,real
oke besok saye kesana bang,oke besok saye kesana bang,setuju,real
okee bang,okee bang,setuju,real
Boleh Bg,boleh bg,setuju,real
Oh boleh lh Bg,oh boleh lh bg,setuju,real
Boleh bg ndk ape,boleh bg ndk ape,setuju,real
Okee,okee,setuju,real
Oke bg,oke bg,setuju,real
Oke bg sudah bsa,oke bg sudah bsa,setuju,real
okee kk entar saya ambil,okee kk entar saya ambil,setuju,real
OOO iyalah boleh di instal ulang aja,ooo iyalah boleh di instal ulang aja,setuju,real
Oke bang,oke bang,setuju,real
Okeei,okeei,setuju,real
Kalo SSD berapa ya bang? Dan misal diganti SSD nya apakah ga lemot lagi?,kalo ssd berapa ya bang dan misal diganti ssd nya apakah ga lemot lagi,setuju,real
Laptop waktu itu bang yg downgrade ke windows 8 sama ganti keyboard,laptop waktu itu bang yg downgrade ke windows sama ganti keyboard,setuju,real
Oh oke boleh bg,oh oke boleh bg,setuju,real
Okee aman,okee aman,setuju,real
Bisa d kerjakan mlm ini lngsung kalo ad teknisinya ?,bisa d kerjakan mlm ini lngsung kalo ad teknisinya,setuju,real
"Yg abg blg kmren kalau lptop sy bnyak karatanny, gmn tu bng ?
Aman k kalo udh ganti mesinnya?",yg abg blg kmren kalau lptop sy bnyak karatanny gmn tu bng aman k kalo udh ganti mesinnya,setuju,real
"Okedeh
Besok sy antar lptopny bng",okedeh besok sy antar lptopny bng,setuju,real
oala oke kak besok saya antar laptop ya,oala oke kak besok saya antar laptop ya,setuju,real
Okee min,okee min,setuju,real
okee bang,okee bang,setuju,real
"oke bang, nda ad masalah lain kan?",oke bang nda ad masalah lain kan,setuju,real
"Wa'alaikumussalam, oke bang",waalaikumussalam oke bang,setuju,real
Oke bg saya lagi ga bisa ambil simpan kan dulu gapapa?,oke bg saya lagi ga bisa ambil simpan kan dulu gapapa,setuju,real
Oke bg terima kasih ya,oke bg terima kasih ya,setuju,real
Oke bg,oke bg,setuju,real
"oke bg, bentar ya",oke bg bentar ya,setuju,real
"waalaikumsalam, okee bang nanti saya ambil yaa",waalaikumsalam okee bang nanti saya ambil yaa,setuju,real
Boleh bang,boleh bang,setuju,real
Boleh bang,boleh bang,setuju,real
"Iya bang, asal datanya masih aman",iya bang asal datanya masih aman,setuju,real
"Misalnya LCD diperbaiki/ganti, biayanya berapa Bang",misalnya lcd diperbaikiganti biayanya berapa bang,setuju,real
Bang saya ganti touchpad dg beli casannya saja .. Bearti totalnya semuanya 450.000  sama perbaikannya? Atau berapa Bang?,bang saya ganti touchpad dg beli casannya saja bearti totalnya semuanya sama perbaikannya atau berapa bang,setuju,real
Owh ok.. Ganti itu saja Bang,owh ok ganti itu saja bang,setuju,real
"Klo ganti gimana bg, bayar lg atau gimana",klo ganti gimana bg bayar lg atau gimana,setuju,real
Boleh bg.,boleh bg,setuju,real
Ok bg. Boleh,ok bg boleh,setuju,real
Boleh bg. Nanti klo sudah selesai infokn saja,boleh bg nanti klo sudah selesai infokn saja,setuju,real
"Boleh tu bang, kena berapa kira kira?",boleh tu bang kena berapa kira kira,setuju,real
Ok boleh bang,ok boleh bang,setuju,real
Yang kipas aman bg,yang kipas aman bg,setuju,real
layarnya aman kn bang,layarnya aman kn bang,setuju,real
okey bang,okey bang,setuju,real
"oke bang, buka sampe jam berapa bg",oke bang buka sampe jam berapa bg,setuju,real
okey bang makasih banyak🙏🏻,okey bang makasih banyak,setuju,real
okey makasih banyak bang🙏🏻🧎‍♀️,okey makasih banyak bang,setuju,real
okey habis magrib sya ke kesana ya🙏🏻,okey habis magrib sya ke kesana ya,setuju,real
sya ada deadline tugas besok😞,sya ada deadline tugas besok,setuju,real
ha bolehkah seperti itu,ha bolehkah seperti itu,setuju,real
okey habis magrib sya kesana ya makasih banyak bg🙏🏻,okey habis magrib sya kesana ya makasih banyak bg,setuju,real
okelah bang makasih banyak🙏🏻,okelah bang makasih banyak,setuju,real
sudah aman kh itu bang,sudah aman kh itu bang,setuju,real
okey nanti saya kesana,okey nanti saya kesana,setuju,real
okey jam 7an sya kesana,okey jam an sya kesana,setuju,real
Oke bang,oke bang,setuju,real
Okee bang,okee bang,setuju,real
"Oke siap bang, makasih bang",oke siap bang makasih bang,setuju,real
"Okee bang, aman, makasih bang",okee bang aman makasih bang,setuju,real
"Lupa nanya kmrn, klu ganti speaker laptop yg kmrn brp.",lupa nanya kmrn klu ganti speaker laptop yg kmrn brp,setuju,real
"Owh iya bang boleh
Mau nnyk bang apa ad garansi nya?",owh iya bang boleh mau nnyk bang apa ad garansi nya,setuju,real
Okeee,okeee,setuju,real
"Owh oke bang 
Kemungkinan bsk saya ambil lep top nya",owh oke bang kemungkinan bsk saya ambil lep top nya,setuju,real
Klo ssd yg bermasalah itu mau di ganti ap gmn bg,klo ssd yg bermasalah itu mau di ganti ap gmn bg,setuju,real
Oke bg nanti laptop ny saya ambil ke toko,oke bg nanti laptop ny saya ambil ke toko,setuju,real
"Oke bang, nanti saya ambil ya",oke bang nanti saya ambil ya,setuju,real
Oke,oke,setuju,real
"Bang, saya mau upgrade Wi-Fi card laptop ASUS TUF FX505DD ke Intel Wi-Fi 6 AX200
Mau ganti Qualcomm Atheros QCA9377 ke Intel AX200 NGW M.2 2230.",bang saya mau upgrade wifi card laptop asus tuf fxdd ke intel wifi ax mau ganti qualcomm atheros qca ke intel ax ngw m,setuju,real
sama bersihin kipas dn ganti thermal paste,sama bersihin kipas dn ganti thermal paste,setuju,real
oke bang,oke bang,setuju,real
ganti thermal paste dn bersihin kipas brp bg,ganti thermal paste dn bersihin kipas brp bg,setuju,real
oke bg,oke bg,setuju,real
Pengecas nya aman kah bg?,pengecas nya aman kah bg,setuju,real
"Boleh bg, ganti aja bg",boleh bg ganti aja bg,setuju,real
Oke bg,oke bg,setuju,real
"Wa'alaikum salam wr.wb
Okee bg. Saya infokan kalau mau ambil bg",waalaikum salam wrwb okee bg saya infokan kalau mau ambil bg,setuju,real
"Okee, aman ya bg. Batrai aja berarti",okee aman ya bg batrai aja berarti,setuju,real
ohh oke bang untuk harga berapa ya bang,ohh oke bang untuk harga berapa ya bang,setuju,real
Oke,oke,setuju,real
Besok Jak bah boleh dk saye ambilnya,besok jak bah boleh dk saye ambilnya,setuju,real
"Oke bang, terima kasih",oke bang terima kasih,setuju,real
"Malam bang, apakah laptopnya sudah selesai dikerjakan dan dapat diambil?",malam bang apakah laptopnya sudah selesai dikerjakan dan dapat diambil,setuju,real
"Malam bang, tadi lupa nanya.. untuk selanjutnya agar baterainya tahan lama dan nda rusak lagi gimana ya pemeliharannya?",malam bang tadi lupa nanya untuk selanjutnya agar baterainya tahan lama dan nda rusak lagi gimana ya pemeliharannya,setuju,real
"Ohh oke bang, terima kasih!",ohh oke bang terima kasih,setuju,real
"Iya bang, untuk sekarang emang baterai nya aman, keyboard nya ja ni, kemarin pun nda ada cek2 lain kan ya selain baterai",iya bang untuk sekarang emang baterai nya aman keyboard nya ja ni kemarin pun nda ada cek lain kan ya selain baterai,setuju,real
"Oke bang, siang ini saya bawa ke toko",oke bang siang ini saya bawa ke toko,setuju,real
Semoge jak aman terus setelah ini,semoge jak aman terus setelah ini,setuju,real
Kok bse ganti ganti agi bng,kok bse ganti ganti agi bng,setuju,real
"oke bang, nanti saya ambil sore",oke bang nanti saya ambil sore,setuju,real
Okee,okee,setuju,real
oke,oke,setuju,real
Oke bang,oke bang,setuju,real
okee bang,okee bang,setuju,real
okee bang,okee bang,setuju,real
"Okee bang, bentar lg ambil",okee bang bentar lg ambil,setuju,real
"Oke bg terimakasih
Nnti saya ambl laptop nya",oke bg terimakasih nnti saya ambl laptop nya,setuju,real
okey bang,okey bang,setuju,real
"assalamualaikum kak, laptop saya lenovo ada-v14, 5 hari lalu ketumpahan air disekitar keyboard esc, 1, 2 3 sampai tombol power. hari ini muncul garis garis di bawah, kira kira ini ganti lcd berapa ya kak?",assalamualaikum kak laptop saya lenovo adav hari lalu ketumpahan air disekitar keyboard esc sampai tombol power hari ini muncul garis garis di bawah kira kira ini ganti lcd berapa ya kak,setuju,real
"keyboard aman sih kak, masih work semua
itu lcdnya IPS atau bukan kak?",keyboard aman sih kak masih work semua itu lcdnya ips atau bukan kak,setuju,real
Oke bang,oke bang,setuju,real
Oke,oke,setuju,real
"Okee,sebentr lagi saya ambil ya",okeesebentr lagi saya ambil ya,setuju,real
"Bg balek sye dri mall jk ye sye ambek nye,mau buat tugas lain dlu soal nya",bg balek sye dri mall jk ye sye ambek nyemau buat tugas lain dlu soal nya,setuju,real
"Sya konsul dlu sama ortu, ternyata gak dibolehin, batal pak",sya konsul dlu sama ortu ternyata gak dibolehin batal pak,batal,real
"Coba tanya temen dlu ya pak, mahal jg tnyata",coba tanya temen dlu ya pak mahal jg tnyata,batal,real
"Wah diluar budget pak, batal ya",wah diluar budget pak batal ya,batal,real
"Budget sya gak nyampe segitu pak, batal aja lah",budget sya gak nyampe segitu pak batal aja lah,batal,real
"Sya konsul dlu sama ortu, ternyata gak dibolehin, batal kak",sya konsul dlu sama ortu ternyata gak dibolehin batal kak,batal,real
"Kemahalan e bang, sya coba tempat lain dulu",kemahalan e bang sya coba tempat lain dulu,batal,real
"Budget sya gak nyampe segitu bang, batal aja lah",budget sya gak nyampe segitu bang batal aja lah,batal,real
"Sya konsul dlu sama ortu, ternyata gak dibolehin, batal bang",sya konsul dlu sama ortu ternyata gak dibolehin batal bang,batal,real
"Budget sya gak nyampe segitu bg, batal aja lah",budget sya gak nyampe segitu bg batal aja lah,batal,real
"Coba tanya temen dlu ya bang, mahal jg tnyata",coba tanya temen dlu ya bang mahal jg tnyata,batal,real
"Coba tanya temen dlu ya bu, mahal jg tnyata",coba tanya temen dlu ya bu mahal jg tnyata,batal,real
"Mahal amat bu, kurangin dong",mahal amat bu kurangin dong,batal,real
"Waduh mahal ya bu, gak jadi dulu deh",waduh mahal ya bu gak jadi dulu deh,batal,real
"Kemahalan e bg, sya coba tempat lain dulu",kemahalan e bg sya coba tempat lain dulu,batal,real
"Sya konsul dlu sama ortu, ternyata gak dibolehin, batal bang",sya konsul dlu sama ortu ternyata gak dibolehin batal bang,batal,real
"Mahal amat kak, kurangin dong",mahal amat kak kurangin dong,batal,real
"Sya konsul dlu sama ortu, ternyata gak dibolehin, batal kak",sya konsul dlu sama ortu ternyata gak dibolehin batal kak,batal,real
"Mahal amat bang, kurangin dong",mahal amat bang kurangin dong,batal,real
"Mahal amat bu, kurangin dong",mahal amat bu kurangin dong,batal,real
"Budget sya gak nyampe segitu bu, batal aja lah",budget sya gak nyampe segitu bu batal aja lah,batal,real
"Budget sya gak nyampe segitu bg, batal aja lah",budget sya gak nyampe segitu bg batal aja lah,batal,real
"Kemahalan e bu, sya coba tempat lain dulu",kemahalan e bu sya coba tempat lain dulu,batal,real
"Budget sya gak nyampe segitu bu, batal aja lah",budget sya gak nyampe segitu bu batal aja lah,batal,real
"Mahal amat bg, kurangin dong",mahal amat bg kurangin dong,batal,real
"Waduh mahal ya kak, gak jadi dulu deh",waduh mahal ya kak gak jadi dulu deh,batal,real
"Sya konsul dlu sama ortu, ternyata gak dibolehin, batal pak",sya konsul dlu sama ortu ternyata gak dibolehin batal pak,batal,real
"Sya konsul dlu sama ortu, ternyata gak dibolehin, batal bu",sya konsul dlu sama ortu ternyata gak dibolehin batal bu,batal,real
"Sya konsul dlu sama ortu, ternyata gak dibolehin, batal bg",sya konsul dlu sama ortu ternyata gak dibolehin batal bg,batal,real
"Wah diluar budget kak, batal ya",wah diluar budget kak batal ya,batal,real
"Sya konsul dlu sama ortu, ternyata gak dibolehin, batal bg",sya konsul dlu sama ortu ternyata gak dibolehin batal bg,batal,real
"Wah diluar budget pak, batal ya",wah diluar budget pak batal ya,batal,real
"Wah diluar budget pak, batal ya",wah diluar budget pak batal ya,batal,real
mahal sekali ya kak huhu,mahal sekali ya kak huhu,batal,real
oh berarti ndak jadi ganti baterai lah ye bang?,oh berarti ndak jadi ganti baterai lah ye bang,batal,real
"Berikut beberapa contoh kalimat obrolan WhatsApp pelanggan ke tempat servis komputer untuk kategori ""setuju"":",berikut beberapa contoh kalimat obrolan whatsapp pelanggan ke tempat servis komputer untuk kategori setuju,setuju,synthetic
Saya setuju bisa datang langsung ke tempat servis.,saya setuju bisa datang langsung ke tempat servis,setuju,synthetic
Sekarang saya sudah puas dengan servis yang diberikan.,sekarang saya sudah puas dengan servis yang diberikan,setuju,synthetic
Saya setuju dengan harga yang ditawarkan.,saya setuju dengan harga yang ditawarkan,setuju,synthetic
Saya sangat senang dengan hasil servis yang diterima.,saya sangat senang dengan hasil servis yang diterima,setuju,synthetic
Saya sudah memeriksa komputer setelah servis dan semuanya berjalan normal.,saya sudah memeriksa komputer setelah servis dan semuanya berjalan normal,setuju,synthetic
Saya setuju bahwa kualitas servis ini sangat baik.,saya setuju bahwa kualitas servis ini sangat baik,setuju,synthetic
Saya tidak perlu khawatir lagi dengan komputer saya.,saya tidak perlu khawatir lagi dengan komputer saya,setuju,synthetic
Saya puas dengan pelayanan yang diberikan oleh teknisi.,saya puas dengan pelayanan yang diberikan oleh teknisi,setuju,synthetic
Saya setuju bahwa harga ini sangat terjangkau.,saya setuju bahwa harga ini sangat terjangkau,setuju,synthetic
Saya rasa komputer saya lebih cepat dan stabil.,saya rasa komputer saya lebih cepat dan stabil,setuju,synthetic
Saya sangat senang dengan hasil servis yang diterima.,saya sangat senang dengan hasil servis yang diterima,setuju,synthetic
Saya setuju bahwa servis ini sangat profesional.,saya setuju bahwa servis ini sangat profesional,setuju,synthetic
Saya tidak perlu membeli komputer baru lagi.,saya tidak perlu membeli komputer baru lagi,setuju,synthetic
Saya sangat puas dengan servis yang diberikan.,saya sangat puas dengan servis yang diberikan,setuju,synthetic
Saya setuju bahwa tempat servis ini sangat membantu.,saya setuju bahwa tempat servis ini sangat membantu,setuju,synthetic
Saya merasa nyaman dengan pelayanan yang diberikan.,saya merasa nyaman dengan pelayanan yang diberikan,setuju,synthetic
Saya setuju bahwa harga ini sangat sesuai dengan kualitas servis.,saya setuju bahwa harga ini sangat sesuai dengan kualitas servis,setuju,synthetic
Saya rasa komputer saya lebih aman dari virus.,saya rasa komputer saya lebih aman dari virus,setuju,synthetic
Saya sangat senang dengan hasil servis yang diterima.,saya sangat senang dengan hasil servis yang diterima,setuju,synthetic
Saya setuju bahwa servis ini sangat cepat.,saya setuju bahwa servis ini sangat cepat,setuju,synthetic
Saya tidak perlu khawatir lagi dengan komputer saya.,saya tidak perlu khawatir lagi dengan komputer saya,setuju,synthetic
Saya sangat puas dengan pelayanan yang diberikan.,saya sangat puas dengan pelayanan yang diberikan,setuju,synthetic
Saya setuju bahwa tempat servis ini sangat ramah.,saya setuju bahwa tempat servis ini sangat ramah,setuju,synthetic
Saya merasa senang dengan hasil servis yang diterima.,saya merasa senang dengan hasil servis yang diterima,setuju,synthetic
Saya setuju bahwa kualitas servis ini sangat tinggi.,saya setuju bahwa kualitas servis ini sangat tinggi,setuju,synthetic
Saya rasa komputer saya lebih stabil dan cepat.,saya rasa komputer saya lebih stabil dan cepat,setuju,synthetic
Saya sangat senang dengan hasil servis yang diterima.,saya sangat senang dengan hasil servis yang diterima,setuju,synthetic
Saya setuju bahwa servis ini sangat membantu.,saya setuju bahwa servis ini sangat membantu,setuju,synthetic
Saya tidak perlu membeli komputer baru lagi.,saya tidak perlu membeli komputer baru lagi,setuju,synthetic
Saya sangat puas dengan servis yang diberikan.,saya sangat puas dengan servis yang diberikan,setuju,synthetic
Saya setuju bahwa harga ini sangat terjangkau.,saya setuju bahwa harga ini sangat terjangkau,setuju,synthetic
Saya merasa nyaman dengan pelayanan yang diberikan.,saya merasa nyaman dengan pelayanan yang diberikan,setuju,synthetic
Saya setuju bahwa tempat servis ini sangat profesional.,saya setuju bahwa tempat servis ini sangat profesional,setuju,synthetic
Saya sangat senang dengan hasil servis yang diterima.,saya sangat senang dengan hasil servis yang diterima,setuju,synthetic
Saya setuju bahwa kualitas servis ini sangat baik.,saya setuju bahwa kualitas servis ini sangat baik,setuju,synthetic
Saya rasa komputer saya lebih aman dari virus.,saya rasa komputer saya lebih aman dari virus,setuju,synthetic
Saya sangat puas dengan pelayanan yang diberikan.,saya sangat puas dengan pelayanan yang diberikan,setuju,synthetic
Saya setuju bahwa tempat servis ini sangat membantu.,saya setuju bahwa tempat servis ini sangat membantu,setuju,synthetic
Saya merasa senang dengan hasil servis yang diterima.,saya merasa senang dengan hasil servis yang diterima,setuju,synthetic
"Baiklah, silakan.",baiklah silakan,setuju,synthetic
Saya setuju dengan penawaran harga di atas.,saya setuju dengan penawaran harga di atas,setuju,synthetic
Saya puas dengan servis komputer di tempat ini.,saya puas dengan servis komputer di tempat ini,setuju,synthetic
Saya akan mereview positif di media sosial.,saya akan mereview positif di media sosial,setuju,synthetic
Komputer saya sudah bisa digunakan lagi.,komputer saya sudah bisa digunakan lagi,setuju,synthetic
Saya rasa harga ini cukup murah.,saya rasa harga ini cukup murah,setuju,synthetic
"Sampai jumpa lagi, saya akan kembali servis di sini.",sampai jumpa lagi saya akan kembali servis di sini,setuju,synthetic
Saya senang dengan kemajuan komputer saya.,saya senang dengan kemajuan komputer saya,setuju,synthetic
Komputer saya masih dalam kondisi baik.,komputer saya masih dalam kondisi baik,setuju,synthetic
Saya bisa membeli barang lain dengan budget yang disediakan.,saya bisa membeli barang lain dengan budget yang disediakan,setuju,synthetic
Saya sangat puas dengan servis di tempat ini.,saya sangat puas dengan servis di tempat ini,setuju,synthetic
Komputer saya sudah bisa dipakai dengan lancar.,komputer saya sudah bisa dipakai dengan lancar,setuju,synthetic
Saya rasa harga servis yang ditawarkan murah sekali.,saya rasa harga servis yang ditawarkan murah sekali,setuju,synthetic
Saya setuju dengan jadwal servis yang disediakan.,saya setuju dengan jadwal servis yang disediakan,setuju,synthetic
Saya senang dengan pelayanan yang diberikan.,saya senang dengan pelayanan yang diberikan,setuju,synthetic
Saya bisa kembali beraktivitas dengan normal.,saya bisa kembali beraktivitas dengan normal,setuju,synthetic
Saya rasa komputer saya sudah lebih cepat.,saya rasa komputer saya sudah lebih cepat,setuju,synthetic
Saya bisa menyesuaikan budget yang saya miliki.,saya bisa menyesuaikan budget yang saya miliki,setuju,synthetic
Saya sangat senang dengan servis di tempat ini.,saya sangat senang dengan servis di tempat ini,setuju,synthetic
Saya rasa waktu servis yang diberikan efektif.,saya rasa waktu servis yang diberikan efektif,setuju,synthetic
Saya bisa bertransaksi dengan aman.,saya bisa bertransaksi dengan aman,setuju,synthetic
Saya rasa pelayanan di tempat ini sangat baik.,saya rasa pelayanan di tempat ini sangat baik,setuju,synthetic
Saya bisa mempercayakan komputer saya di tempat ini.,saya bisa mempercayakan komputer saya di tempat ini,setuju,synthetic
Saya setuju dengan sistem pembayaran yang digunakan.,saya setuju dengan sistem pembayaran yang digunakan,setuju,synthetic
Saya sangat puas dengan servis komputer di sini.,saya sangat puas dengan servis komputer di sini,setuju,synthetic
Saya bisa mendapatkan barang yang saya butuhkan.,saya bisa mendapatkan barang yang saya butuhkan,setuju,synthetic
Saya rasa harga di tempat ini sangat kompetitif.,saya rasa harga di tempat ini sangat kompetitif,setuju,synthetic
Saya bisa kembali mendapatkan pelayanan yang baik.,saya bisa kembali mendapatkan pelayanan yang baik,setuju,synthetic
Saya rasa servis komputer di tempat ini sangat efektif.,saya rasa servis komputer di tempat ini sangat efektif,setuju,synthetic
Saya bisa membeli perangkat tambahan dengan harga yang murah.,saya bisa membeli perangkat tambahan dengan harga yang murah,setuju,synthetic
Saya setuju dengan kebijakan privasi yang diterapkan.,saya setuju dengan kebijakan privasi yang diterapkan,setuju,synthetic
Saya sangat senang dengan pelayanan di tempat ini.,saya sangat senang dengan pelayanan di tempat ini,setuju,synthetic
Saya bisa mendapatkan layanan yang cepat.,saya bisa mendapatkan layanan yang cepat,setuju,synthetic
Saya rasa harga di tempat ini sangat sesuai dengan kualitas servis.,saya rasa harga di tempat ini sangat sesuai dengan kualitas servis,setuju,synthetic
Saya bisa kembali servis komputer di tempat ini.,saya bisa kembali servis komputer di tempat ini,setuju,synthetic
Saya rasa servis di tempat ini sangat profesional.,saya rasa servis di tempat ini sangat profesional,setuju,synthetic
Saya bisa mempercayakan komputer saya di tempat ini.,saya bisa mempercayakan komputer saya di tempat ini,setuju,synthetic
Saya setuju dengan jadwal servis yang disediakan.,saya setuju dengan jadwal servis yang disediakan,setuju,synthetic
Saya sangat senang dengan kemajuan komputer saya.,saya sangat senang dengan kemajuan komputer saya,setuju,synthetic
Saya rasa pelayanan di tempat ini sangat baik.,saya rasa pelayanan di tempat ini sangat baik,setuju,synthetic
Saya setuju untuk servis komputer hari ini.,saya setuju untuk servis komputer hari ini,setuju,synthetic
"Baiklah pak, saya siap untuk servis komputer.",baiklah pak saya siap untuk servis komputer,setuju,synthetic
"Saya setuju, silakan melakukan servis komputer saya.",saya setuju silakan melakukan servis komputer saya,setuju,synthetic
"Ya, saya setuju, silakan memeriksa komputer saya.",ya saya setuju silakan memeriksa komputer saya,setuju,synthetic
"Saya sudah tahu, saya setuju untuk servis komputer.",saya sudah tahu saya setuju untuk servis komputer,setuju,synthetic
"Ya, saya setuju pak, silakan melakukan servis.",ya saya setuju pak silakan melakukan servis,setuju,synthetic
"Saya sudah siap, saya setuju untuk servis.",saya sudah siap saya setuju untuk servis,setuju,synthetic
"Baiklah pak, saya setuju untuk servis.",baiklah pak saya setuju untuk servis,setuju,synthetic
"Saya sudah tahu, saya setuju memang.",saya sudah tahu saya setuju memang,setuju,synthetic
"Ya, saya setuju untuk servis komputer hari ini.",ya saya setuju untuk servis komputer hari ini,setuju,synthetic
"Saya setuju pak, silakan saja.",saya setuju pak silakan saja,setuju,synthetic
Saya setuju untuk servis komputer ya.,saya setuju untuk servis komputer ya,setuju,synthetic
"Baiklah pak, saya setuju untuk servis hari ini.",baiklah pak saya setuju untuk servis hari ini,setuju,synthetic
"Saya sudah siap, saya setuju memang.",saya sudah siap saya setuju memang,setuju,synthetic
"Saya setuju pak, silakan memeriksa komputer.",saya setuju pak silakan memeriksa komputer,setuju,synthetic
"Ya, saya setuju untuk servis komputer.",ya saya setuju untuk servis komputer,setuju,synthetic
Saya setuju untuk servis ya.,saya setuju untuk servis ya,setuju,synthetic
"Saya setuju pak, saya siap untuk servis.",saya setuju pak saya siap untuk servis,setuju,synthetic
Saya setuju untuk servis komputer hari ini.,saya setuju untuk servis komputer hari ini,setuju,synthetic
"Baiklah pak, saya setuju untuk servis.",baiklah pak saya setuju untuk servis,setuju,synthetic
"Saya setuju untuk servis ya, pak.",saya setuju untuk servis ya pak,setuju,synthetic
Saya setuju silakan saja.,saya setuju silakan saja,setuju,synthetic
"Ya, saya setuju untuk servis komputer.",ya saya setuju untuk servis komputer,setuju,synthetic
"Saya setuju pak, saya siap.",saya setuju pak saya siap,setuju,synthetic
Saya setuju untuk servis memang.,saya setuju untuk servis memang,setuju,synthetic
"Saya setuju pak, silakan memeriksa komputer saya.",saya setuju pak silakan memeriksa komputer saya,setuju,synthetic
"Saya sudah siap, saya setuju untuk servis.",saya sudah siap saya setuju untuk servis,setuju,synthetic
"Saya setuju pak, saya siap untuk servis komputer.",saya setuju pak saya siap untuk servis komputer,setuju,synthetic
"Ya, saya setuju untuk servis komputer hari ini.",ya saya setuju untuk servis komputer hari ini,setuju,synthetic
"Saya setuju pak, saya sudah tahu.",saya setuju pak saya sudah tahu,setuju,synthetic
"Saya setuju silakan saja, pak.",saya setuju silakan saja pak,setuju,synthetic
"Berikut beberapa kalimat obrolan WhatsApp pelanggan ke tempat servis komputer untuk kategori ""batal"":",berikut beberapa kalimat obrolan whatsapp pelanggan ke tempat servis komputer untuk kategori batal,batal,synthetic
"Gw nggak bisa datang ke tempat servis hari ini, apa bisa dibatalkan?",gw nggak bisa datang ke tempat servis hari ini apa bisa dibatalkan,batal,synthetic
Mohon batalin janji service komputer saya hari ini krn ada hal yang mendesak,mohon batalin janji service komputer saya hari ini krn ada hal yang mendesak,batal,synthetic
"Gw nggak bisa datang hari ini, bisa dibatalkan service komputer saya?",gw nggak bisa datang hari ini bisa dibatalkan service komputer saya,batal,synthetic
"Mohon di cancel service komputer saya hari ini, ada hal yang urgen",mohon di cancel service komputer saya hari ini ada hal yang urgen,batal,synthetic
"Gw nggak bisa ke tempat servis hari ini, apa bisa dibatalkan service komputer saya?",gw nggak bisa ke tempat servis hari ini apa bisa dibatalkan service komputer saya,batal,synthetic
"Tolong batalin janji service komputer saya, ada urusan yang tidak bisa ditunda",tolong batalin janji service komputer saya ada urusan yang tidak bisa ditunda,batal,synthetic
"Gw nggak bisa ke tempat servis hari ini krn sakit, bisa dibatalkan?",gw nggak bisa ke tempat servis hari ini krn sakit bisa dibatalkan,batal,synthetic
"Mohon dibatalkan service komputer saya hari ini, ada kejadian yang tidak terduga",mohon dibatalkan service komputer saya hari ini ada kejadian yang tidak terduga,batal,synthetic
"Gw nggak bisa ke tempat servis hari ini krn ada kegiatan lain, bisa dibatalkan?",gw nggak bisa ke tempat servis hari ini krn ada kegiatan lain bisa dibatalkan,batal,synthetic
"Tolong cancel service komputer saya hari ini, ada hal yang mendesak",tolong cancel service komputer saya hari ini ada hal yang mendesak,batal,synthetic
"Gw nggak bisa ke tempat servis hari ini krn ada pekerjaan lain, bisa dibatalkan?",gw nggak bisa ke tempat servis hari ini krn ada pekerjaan lain bisa dibatalkan,batal,synthetic
"Mohon batalin janji service komputer saya, ada urusan yang tidak bisa ditunda",mohon batalin janji service komputer saya ada urusan yang tidak bisa ditunda,batal,synthetic
"Gw nggak bisa ke tempat servis hari ini krn ada liburan, bisa dibatalkan?",gw nggak bisa ke tempat servis hari ini krn ada liburan bisa dibatalkan,batal,synthetic
"Tolong dibatalkan service komputer saya hari ini, ada kejadian yang tidak terduga",tolong dibatalkan service komputer saya hari ini ada kejadian yang tidak terduga,batal,synthetic
"Gw nggak bisa ke tempat servis hari ini krn ada kegiatan lain, bisa dibatalkan?",gw nggak bisa ke tempat servis hari ini krn ada kegiatan lain bisa dibatalkan,batal,synthetic
"Mohon cancel service komputer saya hari ini, ada hal yang mendesak",mohon cancel service komputer saya hari ini ada hal yang mendesak,batal,synthetic
"Gw nggak bisa ke tempat servis hari ini krn sakit, bisa dibatalkan?",gw nggak bisa ke tempat servis hari ini krn sakit bisa dibatalkan,batal,synthetic
"Tolong batalin janji service komputer saya, ada urusan yang tidak bisa ditunda",tolong batalin janji service komputer saya ada urusan yang tidak bisa ditunda,batal,synthetic
"Gw nggak bisa ke tempat servis hari ini krn ada pekerjaan lain, bisa dibatalkan?",gw nggak bisa ke tempat servis hari ini krn ada pekerjaan lain bisa dibatalkan,batal,synthetic
"Mohon dibatalkan service komputer saya hari ini, ada kejadian yang tidak terduga",mohon dibatalkan service komputer saya hari ini ada kejadian yang tidak terduga,batal,synthetic
"Gw nggak bisa ke tempat servis hari ini krn ada liburan, bisa dibatalkan?",gw nggak bisa ke tempat servis hari ini krn ada liburan bisa dibatalkan,batal,synthetic
"Tolong cancel service komputer saya hari ini, ada hal yang mendesak",tolong cancel service komputer saya hari ini ada hal yang mendesak,batal,synthetic
"Gw nggak bisa ke tempat servis hari ini krn sakit, bisa dibatalkan?",gw nggak bisa ke tempat servis hari ini krn sakit bisa dibatalkan,batal,synthetic
"Mohon batalin janji service komputer saya, ada urusan yang tidak bisa ditunda",mohon batalin janji service komputer saya ada urusan yang tidak bisa ditunda,batal,synthetic
"Gw nggak bisa ke tempat servis hari ini krn ada kegiatan lain, bisa dibatalkan?",gw nggak bisa ke tempat servis hari ini krn ada kegiatan lain bisa dibatalkan,batal,synthetic
"Tolong dibatalkan service komputer saya hari ini, ada kejadian yang tidak terduga",tolong dibatalkan service komputer saya hari ini ada kejadian yang tidak terduga,batal,synthetic
"Gw nggak bisa ke tempat servis hari ini krn ada pekerjaan lain, bisa dibatalkan?",gw nggak bisa ke tempat servis hari ini krn ada pekerjaan lain bisa dibatalkan,batal,synthetic
"Mohon cancel service komputer saya hari ini, ada hal yang mendesak",mohon cancel service komputer saya hari ini ada hal yang mendesak,batal,synthetic
"Gw nggak bisa ke tempat servis hari ini krn sakit, bisa dibatalkan?",gw nggak bisa ke tempat servis hari ini krn sakit bisa dibatalkan,batal,synthetic
"Tolong batalin janji service komputer saya, ada urusan yang tidak bisa ditunda",tolong batalin janji service komputer saya ada urusan yang tidak bisa ditunda,batal,synthetic
"Gw nggak bisa ke tempat servis hari ini krn ada kegiatan lain, bisa dibatalkan?",gw nggak bisa ke tempat servis hari ini krn ada kegiatan lain bisa dibatalkan,batal,synthetic
"Mohon dibatalkan service komputer saya hari ini, ada kejadian yang tidak terduga",mohon dibatalkan service komputer saya hari ini ada kejadian yang tidak terduga,batal,synthetic
"Gw nggak bisa ke tempat servis hari ini krn ada liburan, bisa dibatalkan?",gw nggak bisa ke tempat servis hari ini krn ada liburan bisa dibatalkan,batal,synthetic
"Tolong cancel service komputer saya hari ini, ada hal yang mendesak",tolong cancel service komputer saya hari ini ada hal yang mendesak,batal,synthetic
Bisa tolong batalin pesanan servis komputer saya ya,bisa tolong batalin pesanan servis komputer saya ya,batal,synthetic
Saya rasa saya udah nyampe kesini hari ini tapi saya ingin batal servis komputer saya,saya rasa saya udah nyampe kesini hari ini tapi saya ingin batal servis komputer saya,batal,synthetic
"Mohon maaf pak, saya ingin membatalkan servis komputer saya karena ada hal lain yang harus saya lakukan",mohon maaf pak saya ingin membatalkan servis komputer saya karena ada hal lain yang harus saya lakukan,batal,synthetic
"Saya tidak bisa datang hari ini, tolong batalin servis komputer saya ya pak",saya tidak bisa datang hari ini tolong batalin servis komputer saya ya pak,batal,synthetic
Saya rasa saya akan kehabisan biaya untuk servis komputer saya ini,saya rasa saya akan kehabisan biaya untuk servis komputer saya ini,batal,synthetic
Saya ingin membatalkan servis komputer saya karena saya tidak sengaja kehabisan uang,saya ingin membatalkan servis komputer saya karena saya tidak sengaja kehabisan uang,batal,synthetic
"Baiklah pak, saya ingin membatalkan servis komputer saya karena saya tidak ingin menghabiskan uang",baiklah pak saya ingin membatalkan servis komputer saya karena saya tidak ingin menghabiskan uang,batal,synthetic
Saya ingin menunda servis komputer saya sehari ke depan ya pak,saya ingin menunda servis komputer saya sehari ke depan ya pak,batal,synthetic
Saya ingin membatalkan servis komputer saya karena saya sudah menemukan lainnya,saya ingin membatalkan servis komputer saya karena saya sudah menemukan lainnya,batal,synthetic
Mohon tolong batalin pesanan saya ya pak,mohon tolong batalin pesanan saya ya pak,batal,synthetic
"Saya tidak bisa datang ke sini hari ini, tolong batalin servis komputer saya ya",saya tidak bisa datang ke sini hari ini tolong batalin servis komputer saya ya,batal,synthetic
Saya rasa saya sudah kehabisan waktu untuk servis komputer saya,saya rasa saya sudah kehabisan waktu untuk servis komputer saya,batal,synthetic
Saya ingin membatalkan servis komputer saya karena saya ingin membeli komputer baru,saya ingin membatalkan servis komputer saya karena saya ingin membeli komputer baru,batal,synthetic
"Baiklah pak, saya ingin membatalkan servis komputer saya karena saya tidak ingin mengeluarkan biaya",baiklah pak saya ingin membatalkan servis komputer saya karena saya tidak ingin mengeluarkan biaya,batal,synthetic
Saya ingin membatalkan servis komputer saya karena saya sudah menemukan toko lain yang lebih murah,saya ingin membatalkan servis komputer saya karena saya sudah menemukan toko lain yang lebih murah,batal,synthetic
"Saya tidak bisa datang ke sini hari ini, tolong batalin servis komputer saya ya",saya tidak bisa datang ke sini hari ini tolong batalin servis komputer saya ya,batal,synthetic
Saya rasa saya sudah kehabisan tempat untuk menyimpan komputer saya,saya rasa saya sudah kehabisan tempat untuk menyimpan komputer saya,batal,synthetic
Saya ingin membatalkan servis komputer saya karena saya ingin membeli perangkat lain,saya ingin membatalkan servis komputer saya karena saya ingin membeli perangkat lain,batal,synthetic
Saya ingin membatalkan servis komputer saya karena saya sudah menemukan informasi yang lebih baik,saya ingin membatalkan servis komputer saya karena saya sudah menemukan informasi yang lebih baik,batal,synthetic
"Baiklah pak, saya ingin membatalkan servis komputer saya karena saya tidak ingin menghabiskan waktu",baiklah pak saya ingin membatalkan servis komputer saya karena saya tidak ingin menghabiskan waktu,batal,synthetic
Saya ingin membatalkan servis komputer saya karena saya sudah menemukan penyelesaian lain,saya ingin membatalkan servis komputer saya karena saya sudah menemukan penyelesaian lain,batal,synthetic
"Saya tidak bisa datang ke sini hari ini, tolong batalin servis komputer saya ya",saya tidak bisa datang ke sini hari ini tolong batalin servis komputer saya ya,batal,synthetic
Saya rasa saya sudah kehabisan dana untuk servis komputer saya,saya rasa saya sudah kehabisan dana untuk servis komputer saya,batal,synthetic
Saya ingin membatalkan servis komputer saya karena saya ingin membeli peralatan lain,saya ingin membatalkan servis komputer saya karena saya ingin membeli peralatan lain,batal,synthetic
Saya ingin membatalkan servis komputer saya karena saya sudah menemukan jasa lain yang lebih baik,saya ingin membatalkan servis komputer saya karena saya sudah menemukan jasa lain yang lebih baik,batal,synthetic
Saya ingin membatalkan servis komputer saya karena saya tidak ingin menghabiskan biaya,saya ingin membatalkan servis komputer saya karena saya tidak ingin menghabiskan biaya,batal,synthetic
"Baiklah pak, saya ingin membatalkan servis komputer saya karena saya sudah menemukan lainnya",baiklah pak saya ingin membatalkan servis komputer saya karena saya sudah menemukan lainnya,batal,synthetic
Saya ingin membatalkan servis komputer saya karena saya sudah menemukan informasi yang lebih baik,saya ingin membatalkan servis komputer saya karena saya sudah menemukan informasi yang lebih baik,batal,synthetic
"Saya tidak bisa datang ke sini hari ini, tolong batalin servis komputer saya ya",saya tidak bisa datang ke sini hari ini tolong batalin servis komputer saya ya,batal,synthetic
Saya rasa saya sudah kehabisan waktu untuk servis komputer saya,saya rasa saya sudah kehabisan waktu untuk servis komputer saya,batal,synthetic
Saya ingin membatalkan servis komputer saya karena saya ingin membeli komputer baru,saya ingin membatalkan servis komputer saya karena saya ingin membeli komputer baru,batal,synthetic
Saya ingin membatalkan servis komputer saya karena saya sudah menemukan toko lain yang lebih murah,saya ingin membatalkan servis komputer saya karena saya sudah menemukan toko lain yang lebih murah,batal,synthetic
Saya ingin membatalkan servis komputer saya karena saya tidak ingin menghabiskan uang,saya ingin membatalkan servis komputer saya karena saya tidak ingin menghabiskan uang,batal,synthetic
"Baiklah pak, saya ingin membatalkan servis komputer saya karena saya sudah menemukan lainnya",baiklah pak saya ingin membatalkan servis komputer saya karena saya sudah menemukan lainnya,batal,synthetic
Saya ingin membatalkan servis komputer saya karena saya tidak ingin menghabiskan waktu,saya ingin membatalkan servis komputer saya karena saya tidak ingin menghabiskan waktu,batal,synthetic
Saya ingin membatalkan servis komputer saya karena saya sudah menemukan penyelesaian lain,saya ingin membatalkan servis komputer saya karena saya sudah menemukan penyelesaian lain,batal,synthetic
Saya ingin membatalkan servis komputer saya karena saya tidak ingin menghabiskan biaya,saya ingin membatalkan servis komputer saya karena saya tidak ingin menghabiskan biaya,batal,synthetic
Saya ingin membatalkan servis komputer saya karena saya sudah menemukan jasa lain yang lebih baik,saya ingin membatalkan servis komputer saya karena saya sudah menemukan jasa lain yang lebih baik,batal,synthetic
Saya ingin membatalkan servis komputer saya karena saya sudah menemukan informasi yang lebih baik,saya ingin membatalkan servis komputer saya karena saya sudah menemukan informasi yang lebih baik,batal,synthetic
Saya ingin membatalkan servis komputer saya karena saya tidak bisa datang ke sini hari ini,saya ingin membatalkan servis komputer saya karena saya tidak bisa datang ke sini hari ini,batal,synthetic
"Maafin saya, saya ingin batalkan janji servisnya nanti, ada hal penting lagi.",maafin saya saya ingin batalkan janji servisnya nanti ada hal penting lagi,batal,synthetic
"Maaf, saya mau tutup dulu servisnya, nanti saya hubungi lagi.",maaf saya mau tutup dulu servisnya nanti saya hubungi lagi,batal,synthetic
"Saya mau batalkan servis komputer, ada masalah pribadi.",saya mau batalkan servis komputer ada masalah pribadi,batal,synthetic
"Saya sedang sibuk, saya ingin mencalon ulang servis nanti.",saya sedang sibuk saya ingin mencalon ulang servis nanti,batal,synthetic
"Maafin, saya mau tutup dulu servisnya, nanti saya hubungi.",maafin saya mau tutup dulu servisnya nanti saya hubungi,batal,synthetic
"Saya mau batalkan permintaan servis, saya tidak punya uang lagi.",saya mau batalkan permintaan servis saya tidak punya uang lagi,batal,synthetic
"Saya mau tunda servis nanti, saya sibuk kerja.",saya mau tunda servis nanti saya sibuk kerja,batal,synthetic
"Maafin, saya mau tutup dulu servisnya, saya butuh beristirahat.",maafin saya mau tutup dulu servisnya saya butuh beristirahat,batal,synthetic
"Saya mau batalkan servis komputer, saya tidak bisa hadir.",saya mau batalkan servis komputer saya tidak bisa hadir,batal,synthetic
"Saya mau tunda servis nanti, saya butuh cari uang.",saya mau tunda servis nanti saya butuh cari uang,batal,synthetic
"Maafin, saya mau tutup dulu servisnya, saya harus ke tempat lain.",maafin saya mau tutup dulu servisnya saya harus ke tempat lain,batal,synthetic
"Saya mau batalkan permintaan servis, saya lupa janji.",saya mau batalkan permintaan servis saya lupa janji,batal,synthetic
"Saya mau tunda servis nanti, saya harus solat.",saya mau tunda servis nanti saya harus solat,batal,synthetic
"Maafin, saya mau tutup dulu servisnya, saya butuh makan.",maafin saya mau tutup dulu servisnya saya butuh makan,batal,synthetic
"Saya mau batalkan komputer servis, saya tidak punya biaya lagi.",saya mau batalkan komputer servis saya tidak punya biaya lagi,batal,synthetic
"Saya mau tunda servis nanti, saya harus pergi ke luar kota.",saya mau tunda servis nanti saya harus pergi ke luar kota,batal,synthetic
"Maafin, saya mau tutup dulu servisnya, saya capek.",maafin saya mau tutup dulu servisnya saya capek,batal,synthetic
"Saya mau batalkan servis komputer, saya tidak mau bayar lagi.",saya mau batalkan servis komputer saya tidak mau bayar lagi,batal,synthetic
"Saya mau tunda servis nanti, saya sedang sakit.",saya mau tunda servis nanti saya sedang sakit,batal,synthetic
"Maafin, saya mau tutup dulu servisnya, saya harus ke kantor.",maafin saya mau tutup dulu servisnya saya harus ke kantor,batal,synthetic
"Saya mau batalkan permintaan servis, saya tidak punya waktu.",saya mau batalkan permintaan servis saya tidak punya waktu,batal,synthetic
"Saya mau tunda servis nanti, saya harus ke rumah sakit.",saya mau tunda servis nanti saya harus ke rumah sakit,batal,synthetic
"Maafin, saya mau tutup dulu servisnya, saya butuh istirahat.",maafin saya mau tutup dulu servisnya saya butuh istirahat,batal,synthetic
"Saya mau batalkan servis komputer, saya tidak punya uang lagi.",saya mau batalkan servis komputer saya tidak punya uang lagi,batal,synthetic
"Saya mau tunda servis nanti, saya harus ke luar kota.",saya mau tunda servis nanti saya harus ke luar kota,batal,synthetic
"Maafin, saya mau tutup dulu servisnya, saya harus ke tempat lain.",maafin saya mau tutup dulu servisnya saya harus ke tempat lain,batal,synthetic
"Saya mau batalkan permintaan servis, saya tidak punya biaya.",saya mau batalkan permintaan servis saya tidak punya biaya,batal,synthetic
"Saya mau tunda servis nanti, saya harus solat.",saya mau tunda servis nanti saya harus solat,batal,synthetic
"Maafin, saya mau tutup dulu servisnya, saya butuh makan.",maafin saya mau tutup dulu servisnya saya butuh makan,batal,synthetic
"Saya mau batalkan komputer servis, saya tidak punya waktu.",saya mau batalkan komputer servis saya tidak punya waktu,batal,synthetic
"Saya mau tunda servis nanti, saya sedang capek.",saya mau tunda servis nanti saya sedang capek,batal,synthetic
"Maafin, saya mau tutup dulu servisnya, saya harus pergi ke luar kota.",maafin saya mau tutup dulu servisnya saya harus pergi ke luar kota,batal,synthetic
"Saya mau batalkan servis komputer, saya tidak mau bayar.",saya mau batalkan servis komputer saya tidak mau bayar,batal,synthetic
"Saya mau tunda servis nanti, saya harus ke rumah sakit.",saya mau tunda servis nanti saya harus ke rumah sakit,batal,synthetic
"Maafin, saya mau tutup dulu servisnya, saya butuh istirahat.",maafin saya mau tutup dulu servisnya saya butuh istirahat,batal,synthetic
"Saya mau batalkan permintaan servis, saya tidak punya uang.",saya mau batalkan permintaan servis saya tidak punya uang,batal,synthetic
"Saya mau tunda servis nanti, saya harus ke kantor.",saya mau tunda servis nanti saya harus ke kantor,batal,synthetic
"Maafin, saya mau tutup dulu servisnya, saya sedang sakit.",maafin saya mau tutup dulu servisnya saya sedang sakit,batal,synthetic
"Saya mau batalkan komputer servis, saya tidak punya biaya.",saya mau batalkan komputer servis saya tidak punya biaya,batal,synthetic
"Saya mau tunda servis nanti, saya harus solat.",saya mau tunda servis nanti saya harus solat,batal,synthetic
Berikut beberapa kalimat obrolan WhatsApp pelanggan ke tempat servis komputer dengan kategori 'batal':,berikut beberapa kalimat obrolan whatsapp pelanggan ke tempat servis komputer dengan kategori batal,batal,synthetic
"Pelanggan: Tolong diubah tanggal servisnya jadi besok, saya tidak bisa datang hari ini.",pelanggan tolong diubah tanggal servisnya jadi besok saya tidak bisa datang hari ini,batal,synthetic
"Pelanggan: Saya salah jadwal, saya tidak bisa datang hari ini, boleh diubah tanggal servisnya?",pelanggan saya salah jadwal saya tidak bisa datang hari ini boleh diubah tanggal servisnya,batal,synthetic
"Pelanggan: Maaf, saya tidak bisa datang hari ini, boleh saya ubah jadwal servisnya?",pelanggan maaf saya tidak bisa datang hari ini boleh saya ubah jadwal servisnya,batal,synthetic
"Pelanggan: Saya ingin batalkan servisnya, boleh saya dapat dana balik?",pelanggan saya ingin batalkan servisnya boleh saya dapat dana balik,batal,synthetic
"Pelanggan: Saya tidak bisa hadir hari ini, boleh saya pindah tanggal servisnya?",pelanggan saya tidak bisa hadir hari ini boleh saya pindah tanggal servisnya,batal,synthetic
"Pelanggan: Saya minta dibatalkan servisnya, karena saya tidak bisa hadir.",pelanggan saya minta dibatalkan servisnya karena saya tidak bisa hadir,batal,synthetic
"Pelanggan: Saya ingin menyampaikan bahwa saya tidak bisa datang hari ini, jadi servisnya harus dibatalkan.",pelanggan saya ingin menyampaikan bahwa saya tidak bisa datang hari ini jadi servisnya harus dibatalkan,batal,synthetic
Pelanggan: Tolong batalkan servis saya karena saya tidak bisa hadir hari ini.,pelanggan tolong batalkan servis saya karena saya tidak bisa hadir hari ini,batal,synthetic
"Pelanggan: Saya minta diubah tanggal servisnya, karena saya tidak bisa datang hari ini.",pelanggan saya minta diubah tanggal servisnya karena saya tidak bisa datang hari ini,batal,synthetic
"Pelanggan: Saya ingin menyampaikan bahwa saya tidak bisa hadir hari ini, jadi servis komputer saya harus dibatalkan.",pelanggan saya ingin menyampaikan bahwa saya tidak bisa hadir hari ini jadi servis komputer saya harus dibatalkan,batal,synthetic
Pelanggan: Tolong saya dapatkan dana balik karena saya ingin batalkan servisnya.,pelanggan tolong saya dapatkan dana balik karena saya ingin batalkan servisnya,batal,synthetic
"Pelanggan: Saya tidak bisa datang hari ini, saya ingin pindah tanggal servisnya.",pelanggan saya tidak bisa datang hari ini saya ingin pindah tanggal servisnya,batal,synthetic
"Pelanggan: Saya ingin menyampaikan bahwa saya belum siap untuk servis hari ini, boleh saya pindah tanggal?",pelanggan saya ingin menyampaikan bahwa saya belum siap untuk servis hari ini boleh saya pindah tanggal,batal,synthetic
"Pelanggan: Saya tidak bisa hadir hari ini, saya ingin mengubah tanggal servisnya.",pelanggan saya tidak bisa hadir hari ini saya ingin mengubah tanggal servisnya,batal,synthetic
"Pelanggan: Tolong saya batalkan servisnya, karena saya tidak bisa hadir hari ini.",pelanggan tolong saya batalkan servisnya karena saya tidak bisa hadir hari ini,batal,synthetic
"Pelanggan: Saya ingin menyampaikan bahwa saya tidak bisa datang hari ini, jadi servisnya harus dibatalkan.",pelanggan saya ingin menyampaikan bahwa saya tidak bisa datang hari ini jadi servisnya harus dibatalkan,batal,synthetic
"Pelanggan: Saya tidak bisa hadir hari ini, saya ingin pindah tanggal servisnya.",pelanggan saya tidak bisa hadir hari ini saya ingin pindah tanggal servisnya,batal,synthetic
Pelanggan: Tolong saya dapatkan dana balik karena saya ingin batalkan servisnya.,pelanggan tolong saya dapatkan dana balik karena saya ingin batalkan servisnya,batal,synthetic
"Pelanggan: Saya ingin menyampaikan bahwa saya belum siap untuk servis hari ini, boleh saya pindah tanggal?",pelanggan saya ingin menyampaikan bahwa saya belum siap untuk servis hari ini boleh saya pindah tanggal,batal,synthetic
"Pelanggan: Saya tidak bisa datang hari ini, saya ingin mengubah tanggal servisnya.",pelanggan saya tidak bisa datang hari ini saya ingin mengubah tanggal servisnya,batal,synthetic
"Pelanggan: Saya ingin menyampaikan bahwa saya tidak bisa hadir hari ini, jadi servis komputer saya harus dibatalkan.",pelanggan saya ingin menyampaikan bahwa saya tidak bisa hadir hari ini jadi servis komputer saya harus dibatalkan,batal,synthetic
"Pelanggan: Tolong saya batalkan servis saya, karena saya tidak bisa hadir hari ini.",pelanggan tolong saya batalkan servis saya karena saya tidak bisa hadir hari ini,batal,synthetic
"Pelanggan: Saya ingin pindah tanggal servisnya, karena saya tidak bisa datang hari ini.",pelanggan saya ingin pindah tanggal servisnya karena saya tidak bisa datang hari ini,batal,synthetic
Pelanggan: Tolong saya dapatkan dana balik karena saya ingin batalkan servisnya.,pelanggan tolong saya dapatkan dana balik karena saya ingin batalkan servisnya,batal,synthetic
"Pelanggan: Saya tidak bisa hadir hari ini, saya ingin mengubah tanggal servisnya.",pelanggan saya tidak bisa hadir hari ini saya ingin mengubah tanggal servisnya,batal,synthetic
"Pelanggan: Saya ingin menyampaikan bahwa saya belum siap untuk servis hari ini, boleh saya pindah tanggal?",pelanggan saya ingin menyampaikan bahwa saya belum siap untuk servis hari ini boleh saya pindah tanggal,batal,synthetic
"Pelanggan: Saya tidak bisa datang hari ini, saya ingin pindah tanggal servisnya.",pelanggan saya tidak bisa datang hari ini saya ingin pindah tanggal servisnya,batal,synthetic
"Pelanggan: Tolong saya batalkan servis saya, karena saya tidak bisa hadir hari ini.",pelanggan tolong saya batalkan servis saya karena saya tidak bisa hadir hari ini,batal,synthetic
"Pelanggan: Saya ingin pindah tanggal servisnya, karena saya tidak bisa datang hari ini.",pelanggan saya ingin pindah tanggal servisnya karena saya tidak bisa datang hari ini,batal,synthetic
"Pelanggan: Saya ingin menyampaikan bahwa saya tidak bisa hadir hari ini, jadi servis komputer saya harus dibatalkan.",pelanggan saya ingin menyampaikan bahwa saya tidak bisa hadir hari ini jadi servis komputer saya harus dibatalkan,batal,synthetic
Pelanggan: Tolong saya dapatkan dana balik karena saya ingin batalkan servisnya.,pelanggan tolong saya dapatkan dana balik karena saya ingin batalkan servisnya,batal,synthetic
"Pelanggan: Saya tidak bisa datang hari ini, saya ingin mengubah tanggal servisnya.",pelanggan saya tidak bisa datang hari ini saya ingin mengubah tanggal servisnya,batal,synthetic
"Pelanggan: Saya ingin menyampaikan bahwa saya belum siap untuk servis hari ini, boleh saya pindah tanggal?",pelanggan saya ingin menyampaikan bahwa saya belum siap untuk servis hari ini boleh saya pindah tanggal,batal,synthetic
"Pelanggan: Saya tidak bisa hadir hari ini, saya ingin pindah tanggal servisnya.",pelanggan saya tidak bisa hadir hari ini saya ingin pindah tanggal servisnya,batal,synthetic
"Pelanggan: Tolong saya batalkan servis saya, karena saya tidak bisa hadir hari ini.",pelanggan tolong saya batalkan servis saya karena saya tidak bisa hadir hari ini,batal,synthetic
"Pelanggan: Saya ingin pindah tanggal servisnya, karena saya tidak bisa datang hari ini.",pelanggan saya ingin pindah tanggal servisnya karena saya tidak bisa datang hari ini,batal,synthetic
"Pelanggan: Saya ingin menyampaikan bahwa saya tidak bisa hadir hari ini, jadi servis komputer saya harus dibatalkan.",pelanggan saya ingin menyampaikan bahwa saya tidak bisa hadir hari ini jadi servis komputer saya harus dibatalkan,batal,synthetic
Pelanggan: Tolong saya dapatkan dana balik karena saya ingin batalkan servisnya.,pelanggan tolong saya dapatkan dana balik karena saya ingin batalkan servisnya,batal,synthetic
"Pelanggan: Saya tidak bisa datang hari ini, saya ingin mengubah tanggal servisnya.",pelanggan saya tidak bisa datang hari ini saya ingin mengubah tanggal servisnya,batal,synthetic
Berikut adalah 40 kalimat obrolan WhatsApp pelanggan ke tempat servis komputer dalam kategori 'batal':,berikut adalah kalimat obrolan whatsapp pelanggan ke tempat servis komputer dalam kategori batal,batal,synthetic
"Hai, saya mau batalin servis komputer saya.",hai saya mau batalin servis komputer saya,batal,synthetic
Kamu bisa batalin pesanan saya kalau bisa.,kamu bisa batalin pesanan saya kalau bisa,batal,synthetic
"Maafin saya, saya mau batal servisnya, bisa nggak?",maafin saya saya mau batal servisnya bisa nggak,batal,synthetic
"Saya batal pesanan servis komputer, tolong cancel aja.",saya batal pesanan servis komputer tolong cancel aja,batal,synthetic
"Mau batalin perbaikan komputer saya, bisa nggak?",mau batalin perbaikan komputer saya bisa nggak,batal,synthetic
"Saya mau batalin servis laptop, bisa nggak?",saya mau batalin servis laptop bisa nggak,batal,synthetic
"Tolong batalin servis komputer saya, saya perlu ganti prioritas.",tolong batalin servis komputer saya saya perlu ganti prioritas,batal,synthetic
"Saya batal perbaikan komputer, ada yang perlu saya tanyakan.",saya batal perbaikan komputer ada yang perlu saya tanyakan,batal,synthetic
"Saya mau batal pesanan servis, apa yang harus saya lakukan?",saya mau batal pesanan servis apa yang harus saya lakukan,batal,synthetic
"Saya batal perbaikan laptop, apa aja yang saya lakukan?",saya batal perbaikan laptop apa aja yang saya lakukan,batal,synthetic
Kita bisa batal pesanan servis kalau kamu mau.,kita bisa batal pesanan servis kalau kamu mau,batal,synthetic
"Tolong batalin servis komputer saya, saya perlu perhatian.",tolong batalin servis komputer saya saya perlu perhatian,batal,synthetic
"Mau batalin perbaikan komputer, apa yang harus saya kerjakan?",mau batalin perbaikan komputer apa yang harus saya kerjakan,batal,synthetic
"Saya batal perbaikan laptop, saya perlu info.",saya batal perbaikan laptop saya perlu info,batal,synthetic
"Tolong batalin servis laptop saya, saya perlu ganti rencana.",tolong batalin servis laptop saya saya perlu ganti rencana,batal,synthetic
"Saya mau batal pesanan servis komputer, bisa nggak?",saya mau batal pesanan servis komputer bisa nggak,batal,synthetic
Kita bisa batal pesanan servis kalau saya mau.,kita bisa batal pesanan servis kalau saya mau,batal,synthetic
"Tolong batalin servis komputer saya, saya perlu perhatian.",tolong batalin servis komputer saya saya perlu perhatian,batal,synthetic
"Mau batalin perbaikan laptop, apa yang harus saya lakukan?",mau batalin perbaikan laptop apa yang harus saya lakukan,batal,synthetic
"Saya batal perbaikan komputer, saya perlu info.",saya batal perbaikan komputer saya perlu info,batal,synthetic
"Tolong batalin servis laptop saya, saya perlu ganti rencana.",tolong batalin servis laptop saya saya perlu ganti rencana,batal,synthetic
"Saya mau batal pesanan servis komputer, bisa nggak?",saya mau batal pesanan servis komputer bisa nggak,batal,synthetic
Kita bisa batal pesanan servis kalau saya mau.,kita bisa batal pesanan servis kalau saya mau,batal,synthetic
"Tolong batalin servis komputer saya, saya perlu perhatian.",tolong batalin servis komputer saya saya perlu perhatian,batal,synthetic
"Mau batalin perbaikan laptop, apa yang harus saya lakukan?",mau batalin perbaikan laptop apa yang harus saya lakukan,batal,synthetic
"Saya batal perbaikan komputer, saya perlu info.",saya batal perbaikan komputer saya perlu info,batal,synthetic
"Tolong batalin servis laptop saya, saya perlu ganti rencana.",tolong batalin servis laptop saya saya perlu ganti rencana,batal,synthetic
Saya mau batal pesanan servis komputer.,saya mau batal pesanan servis komputer,batal,synthetic
Tolong batalin servis komputer saya.,tolong batalin servis komputer saya,batal,synthetic
Saya batal perbaikan laptop.,saya batal perbaikan laptop,batal,synthetic
Kita bisa batal pesanan servis.,kita bisa batal pesanan servis,batal,synthetic
Tolong batalin servis laptop saya.,tolong batalin servis laptop saya,batal,synthetic
Mau batalin perbaikan komputer.,mau batalin perbaikan komputer,batal,synthetic
Saya batal perbaikan komputer.,saya batal perbaikan komputer,batal,synthetic
Tolong batalin servis komputer saya.,tolong batalin servis komputer saya,batal,synthetic
Saya mau batal pesanan servis komputer.,saya mau batal pesanan servis komputer,batal,synthetic
Tolong batalin servis laptop saya.,tolong batalin servis laptop saya,batal,synthetic
Saya batal perbaikan laptop.,saya batal perbaikan laptop,batal,synthetic
Kita bisa batal pesanan servis.,kita bisa batal pesanan servis,batal,synthetic
"Aku mau batal service komputer hari ini, saya tidak bisa datang.",aku mau batal service komputer hari ini saya tidak bisa datang,batal,synthetic
"Mohon coba kejelasan schedule service lagi, aku rasa aku salah masuk waktu.",mohon coba kejelasan schedule service lagi aku rasa aku salah masuk waktu,batal,synthetic
Saya ingin membatalkan service karena keadaan darurat di rumah.,saya ingin membatalkan service karena keadaan darurat di rumah,batal,synthetic
"Maaf ya, aku mau bata service komputer karena ada urusan lain.",maaf ya aku mau bata service komputer karena ada urusan lain,batal,synthetic
Kamu bisa kembalikan waktu service ke yang lalu?,kamu bisa kembalikan waktu service ke yang lalu,batal,synthetic
Aku meminta batal service karena saya tidak nyaman dengan teknisi.,aku meminta batal service karena saya tidak nyaman dengan teknisi,batal,synthetic
Saya ingin mengubah tanggal service karena sudah memiliki jadwal lain.,saya ingin mengubah tanggal service karena sudah memiliki jadwal lain,batal,synthetic
"Mohon coba hubungi saya lagi hari ini, saya ingin batal service.",mohon coba hubungi saya lagi hari ini saya ingin batal service,batal,synthetic
Kamu bisa mengganti waktu service ke hari esok?,kamu bisa mengganti waktu service ke hari esok,batal,synthetic
Saya butuh membatalkan service karena ada hal penting.,saya butuh membatalkan service karena ada hal penting,batal,synthetic
"Aku rasa aku salah masuk waktu service, bisa tolong dibatalkan?",aku rasa aku salah masuk waktu service bisa tolong dibatalkan,batal,synthetic
"Maaf ya, aku mau bata service karena ada urusan keluarga.",maaf ya aku mau bata service karena ada urusan keluarga,batal,synthetic
Kamu bisa membatalkan service dan saya akan mendaftar lagi?,kamu bisa membatalkan service dan saya akan mendaftar lagi,batal,synthetic
Saya meminta batal service karena tidak yakin dengan service yang akan dilakukan.,saya meminta batal service karena tidak yakin dengan service yang akan dilakukan,batal,synthetic
"Mohon coba kejelasan alasan batal service, kok bisa begitu tiba-tiba?",mohon coba kejelasan alasan batal service kok bisa begitu tibatiba,batal,synthetic
Saya ingin membatalkan service karena ada masalah dengan mesin.,saya ingin membatalkan service karena ada masalah dengan mesin,batal,synthetic
Kamu bisa mengembalikan dana yang sudah saya bayar?,kamu bisa mengembalikan dana yang sudah saya bayar,batal,synthetic
"Maaf ya, aku mau bata service karena saya tidak yakin dengan teknisi.",maaf ya aku mau bata service karena saya tidak yakin dengan teknisi,batal,synthetic
Kamu bisa mengganti waktu service ke hari lain?,kamu bisa mengganti waktu service ke hari lain,batal,synthetic
Saya ingin membatalkan service karena keadaan tidak stabil.,saya ingin membatalkan service karena keadaan tidak stabil,batal,synthetic
"Aku rasa aku salah memilih service, bisa tolong dibatalkan?",aku rasa aku salah memilih service bisa tolong dibatalkan,batal,synthetic
"Mohon coba hubungi saya lagi, aku ingin batal service.",mohon coba hubungi saya lagi aku ingin batal service,batal,synthetic
Kamu bisa mengembalikan komputer saya dan saya akan mendaftar lagi?,kamu bisa mengembalikan komputer saya dan saya akan mendaftar lagi,batal,synthetic
Saya ingin membatalkan service karena ada masalah dengan harga.,saya ingin membatalkan service karena ada masalah dengan harga,batal,synthetic
"Maaf ya, aku mau bata service karena keadaan darurat.",maaf ya aku mau bata service karena keadaan darurat,batal,synthetic
Kamu bisa mengganti waktu service ke hari lain?,kamu bisa mengganti waktu service ke hari lain,batal,synthetic
Saya butuh membatalkan service karena ada hal penting lain.,saya butuh membatalkan service karena ada hal penting lain,batal,synthetic
Aku meminta batal service karena saya tidak nyaman dengan tempat service.,aku meminta batal service karena saya tidak nyaman dengan tempat service,batal,synthetic
Kamu bisa mengembalikan komputer saya dan saya akan mendaftar lagi?,kamu bisa mengembalikan komputer saya dan saya akan mendaftar lagi,batal,synthetic
Saya ingin membatalkan service karena ada masalah dengan teknisi.,saya ingin membatalkan service karena ada masalah dengan teknisi,batal,synthetic
"Maaf ya, aku mau bata service karena saya tidak yakin dengan service.",maaf ya aku mau bata service karena saya tidak yakin dengan service,batal,synthetic
Kamu bisa mengganti waktu service ke hari lain?,kamu bisa mengganti waktu service ke hari lain,batal,synthetic
Saya ingin membatalkan service karena ada urusan lain.,saya ingin membatalkan service karena ada urusan lain,batal,synthetic
"Mohon coba kejelasan alasan batal service, kok bisa begitu tiba-tiba?",mohon coba kejelasan alasan batal service kok bisa begitu tibatiba,batal,synthetic
Saya ingin membatalkan service karena keadaan tidak stabil.,saya ingin membatalkan service karena keadaan tidak stabil,batal,synthetic
"Aku rasa aku salah memilih service, bisa tolong dibatalkan?",aku rasa aku salah memilih service bisa tolong dibatalkan,batal,synthetic
Kamu bisa mengembalikan dana yang sudah saya bayar?,kamu bisa mengembalikan dana yang sudah saya bayar,batal,synthetic
"Mohon coba hubungi saya lag, aku ingin bata service.",mohon coba hubungi saya lag aku ingin bata service,batal,synthetic
Saya ingin membatalkan service karena ada masalah dengan harga.,saya ingin membatalkan service karena ada masalah dengan harga,batal,synthetic
"Maaf ya, aku mau bata service karena saya tidak nyaman dengan tempat service.",maaf ya aku mau bata service karena saya tidak nyaman dengan tempat service,batal,synthetic
Kamu bisa membantuh aku batal servis komputer nanti?,kamu bisa membantuh aku batal servis komputer nanti,batal,synthetic
"Aku batal kerjain servis komputer hari ini, mohon maaf.",aku batal kerjain servis komputer hari ini mohon maaf,batal,synthetic
"Aku kelewatan jadwal servis komputer, bisa ditunda?",aku kelewatan jadwal servis komputer bisa ditunda,batal,synthetic
"Saya perlu membatalkan servis komputer, bisa diubah jadwal?",saya perlu membatalkan servis komputer bisa diubah jadwal,batal,synthetic
Mohon bantu saya batal servis komputer karena ada urusan darurat.,mohon bantu saya batal servis komputer karena ada urusan darurat,batal,synthetic
Saya batal servis komputer karena ada kesibukan lain.,saya batal servis komputer karena ada kesibukan lain,batal,synthetic
Kamu bisa bantu saya batal servis komputer hari ini?,kamu bisa bantu saya batal servis komputer hari ini,batal,synthetic
"Mohon maaf, saya butuh membatalkan servis komputer.",mohon maaf saya butuh membatalkan servis komputer,batal,synthetic
Saya perlu membatalkan servis komputer karena ada hal penting.,saya perlu membatalkan servis komputer karena ada hal penting,batal,synthetic
Kamu bisa membatalkan servis komputer?,kamu bisa membatalkan servis komputer,batal,synthetic
Saya batal servis komputer karena ada kesulitan transportasi.,saya batal servis komputer karena ada kesulitan transportasi,batal,synthetic
Mohon bantu saya batal servis komputer karena ada gangguan kesehatan.,mohon bantu saya batal servis komputer karena ada gangguan kesehatan,batal,synthetic
Saya batal servis komputer karena ada urusan keluarga.,saya batal servis komputer karena ada urusan keluarga,batal,synthetic
Kamu bisa membantu saya batal servis komputer?,kamu bisa membantu saya batal servis komputer,batal,synthetic
Saya membatalkan servis komputer karena ada kesibukan lain.,saya membatalkan servis komputer karena ada kesibukan lain,batal,synthetic
Mohon bantu saya batal servis komputer karena ada kesulitan keuangan.,mohon bantu saya batal servis komputer karena ada kesulitan keuangan,batal,synthetic
Saya batal servis komputer karena ada keraguan dengan servis.,saya batal servis komputer karena ada keraguan dengan servis,batal,synthetic
Kamu bisa membatalkan servis komputer?,kamu bisa membatalkan servis komputer,batal,synthetic
Saya perlu membatalkan servis komputer karena ada hal yang tidak terduga.,saya perlu membatalkan servis komputer karena ada hal yang tidak terduga,batal,synthetic
Mohon bantu saya batal servis komputer karena ada kesulitan waktu.,mohon bantu saya batal servis komputer karena ada kesulitan waktu,batal,synthetic
Saya batal servis komputer karena ada urusan lain yang lebih penting.,saya batal servis komputer karena ada urusan lain yang lebih penting,batal,synthetic
Kamu bisa membantu saya batal servis komputer?,kamu bisa membantu saya batal servis komputer,batal,synthetic
Saya membatalkan servis komputer karena ada kesulitan teknis.,saya membatalkan servis komputer karena ada kesulitan teknis,batal,synthetic
Mohon bantu saya batal servis komputer karena ada gangguan internet.,mohon bantu saya batal servis komputer karena ada gangguan internet,batal,synthetic
Saya batal servis komputer karena ada kesibukan lain.,saya batal servis komputer karena ada kesibukan lain,batal,synthetic
Kamu bisa membatalkan servis komputer?,kamu bisa membatalkan servis komputer,batal,synthetic
Saya perlu membatalkan servis komputer karena ada urusan darurat keluarga.,saya perlu membatalkan servis komputer karena ada urusan darurat keluarga,batal,synthetic
Mohon bantu saya batal servis komputer karena ada kesulitan keuangan.,mohon bantu saya batal servis komputer karena ada kesulitan keuangan,batal,synthetic
Saya batal servis komputer karena ada keraguan dengan teknis.,saya batal servis komputer karena ada keraguan dengan teknis,batal,synthetic
Kamu bisa membantu saya batal servis komputer?,kamu bisa membantu saya batal servis komputer,batal,synthetic
Saya membatalkan servis komputer karena ada kesulitan waktu.,saya membatalkan servis komputer karena ada kesulitan waktu,batal,synthetic
Mohon bantu saya batal servis komputer karena ada gangguan cuaca.,mohon bantu saya batal servis komputer karena ada gangguan cuaca,batal,synthetic
Saya batal servis komputer karena ada urusan lain yang lebih penting.,saya batal servis komputer karena ada urusan lain yang lebih penting,batal,synthetic
Kamu bisa membatalkan servis komputer?,kamu bisa membatalkan servis komputer,batal,synthetic
Saya perlu membatalkan servis komputer karena ada hal yang tidak terduga.,saya perlu membatalkan servis komputer karena ada hal yang tidak terduga,batal,synthetic
Mohon bantu saya batal servis komputer karena ada kesulitan teknis.,mohon bantu saya batal servis komputer karena ada kesulitan teknis,batal,synthetic
Saya batal servis komputer karena ada keraguan dengan servis.,saya batal servis komputer karena ada keraguan dengan servis,batal,synthetic
Kamu bisa membantu saya batal servis komputer?,kamu bisa membantu saya batal servis komputer,batal,synthetic
Saya membatalkan servis komputer karena ada kesulitan keuangan.,saya membatalkan servis komputer karena ada kesulitan keuangan,batal,synthetic
Mohon bantu saya batal servis komputer karena ada gangguan internet.,mohon bantu saya batal servis komputer karena ada gangguan internet,batal,synthetic
Berikut adalah beberapa contoh kalimat obrolan WhatsApp pelanggan ke tempat servis komputer untuk kategori 'batal':,berikut adalah beberapa contoh kalimat obrolan whatsapp pelanggan ke tempat servis komputer untuk kategori batal,batal,synthetic
Aku batal dateng ke tempat servis komputer hari ini.,aku batal dateng ke tempat servis komputer hari ini,batal,synthetic
Mohon maaf aku batal datang hari ini karena ada hal penting.,mohon maaf aku batal datang hari ini karena ada hal penting,batal,synthetic
"Kita batal rencana nanti, aku akan datang besok.",kita batal rencana nanti aku akan datang besok,batal,synthetic
Aku ingin membatalkan permohonan servis komputer.,aku ingin membatalkan permohonan servis komputer,batal,synthetic
Mohon bantu cek jika aku bisa membatalkan jadwal servis.,mohon bantu cek jika aku bisa membatalkan jadwal servis,batal,synthetic
"Aku batal datang, jadinya besok sih, boleh?",aku batal datang jadinya besok sih boleh,batal,synthetic
"Aku rasa aku perlu mengubah rencana, aku batal hari ini.",aku rasa aku perlu mengubah rencana aku batal hari ini,batal,synthetic
Mohon bantu batalkan pesanan servis untuk komputer.,mohon bantu batalkan pesanan servis untuk komputer,batal,synthetic
Aku batal datang ke tempat servis komputer pagi ini.,aku batal datang ke tempat servis komputer pagi ini,batal,synthetic
Apa yang harus aku lakukan jika aku ingin membatalkan jadwal?,apa yang harus aku lakukan jika aku ingin membatalkan jadwal,batal,synthetic
Mohon bantu cek apakah aku bisa membatalkan servis hari ini.,mohon bantu cek apakah aku bisa membatalkan servis hari ini,batal,synthetic
"Ada apa sih dengan servis komputer, aku rasa batal aja.",ada apa sih dengan servis komputer aku rasa batal aja,batal,synthetic
Mohon bantu saya membatalkan permohonan servis komputer.,mohon bantu saya membatalkan permohonan servis komputer,batal,synthetic
Apa yang bisa aku lakukan jika aku ingin batal datang?,apa yang bisa aku lakukan jika aku ingin batal datang,batal,synthetic
"Aku rasa aku salah lagi, mau batal datang ke tempat servis.",aku rasa aku salah lagi mau batal datang ke tempat servis,batal,synthetic
Mohon bantu saya untuk membatalkan permohonan servis.,mohon bantu saya untuk membatalkan permohonan servis,batal,synthetic
Mohon bantu saya untuk membatalkan jadwal servis komputer.,mohon bantu saya untuk membatalkan jadwal servis komputer,batal,synthetic
"Aku batal datang, aku rasa aku perlu ke dokter dulu.",aku batal datang aku rasa aku perlu ke dokter dulu,batal,synthetic
Aku batal datang ke tempat servis komputer hari ini.,aku batal datang ke tempat servis komputer hari ini,batal,synthetic
Mohon bantu saya membatalkan servis komputer.,mohon bantu saya membatalkan servis komputer,batal,synthetic
Apa yang harus aku lakukan jika aku ingin batal servis?,apa yang harus aku lakukan jika aku ingin batal servis,batal,synthetic
Mohon bantu saya untuk membatalkan jadwal servis.,mohon bantu saya untuk membatalkan jadwal servis,batal,synthetic
"Ada apa sih dengan servis komputer, aku rasa batal aja, boleh?",ada apa sih dengan servis komputer aku rasa batal aja boleh,batal,synthetic
"Aku ingin membatalkan permohonan servis komputer, boleh?",aku ingin membatalkan permohonan servis komputer boleh,batal,synthetic
Kita batal rencana servis komputer hari ini.,kita batal rencana servis komputer hari ini,batal,synthetic
"Aku rasa aku perlu mengubah rencana, aku batal hari ini, boleh?",aku rasa aku perlu mengubah rencana aku batal hari ini boleh,batal,synthetic
"Aku ingin mengubah rencana, aku batal datang hari ini.",aku ingin mengubah rencana aku batal datang hari ini,batal,synthetic
Mohon bantu saya membatalkan permohonan servis komputer.,mohon bantu saya membatalkan permohonan servis komputer,batal,synthetic
Apa yang bisa aku lakukan jika aku ingin batal datang?,apa yang bisa aku lakukan jika aku ingin batal datang,batal,synthetic
Berikut adalah 40 kalimat obrolan WhatsApp pelanggan ke tempat servis komputer untuk kategori 'batal':,berikut adalah kalimat obrolan whatsapp pelanggan ke tempat servis komputer untuk kategori batal,batal,synthetic
Saya kehabisan uang untuk membayar biaya servis komputer hari ini.,saya kehabisan uang untuk membayar biaya servis komputer hari ini,batal,synthetic
"Saya nggak bisa datang hari ini, saya batal.",saya nggak bisa datang hari ini saya batal,batal,synthetic
"Saya lupa tanggal servis komputer, kira-kira bisa diubah tanggalnya?",saya lupa tanggal servis komputer kirakira bisa diubah tanggalnya,batal,synthetic
"Saya keadaan tidak enak parah, tidak bisa datang.",saya keadaan tidak enak parah tidak bisa datang,batal,synthetic
"Saya pikir ulang, nggak perlu servis komputer hari ini.",saya pikir ulang nggak perlu servis komputer hari ini,batal,synthetic
"Saya ada tugas penting yang harus diselesaikan, batalin servis komputer.",saya ada tugas penting yang harus diselesaikan batalin servis komputer,batal,synthetic
"Saya nggak bisa membawa laptop, bisa dikirim saja?",saya nggak bisa membawa laptop bisa dikirim saja,batal,synthetic
"Saya kehabisan waktu, nggak bisa datang hari ini.",saya kehabisan waktu nggak bisa datang hari ini,batal,synthetic
"Saya ada hal penting yang harus diselesaikan, saya batal.",saya ada hal penting yang harus diselesaikan saya batal,batal,synthetic
"Hai, saya ingin membatalkan servis komputer untuk hari ini.",hai saya ingin membatalkan servis komputer untuk hari ini,batal,synthetic
Saya nggak bisa datang karena cuaca buruk.,saya nggak bisa datang karena cuaca buruk,batal,synthetic
"Saya lupa membawa laptop, bisa ditunda saja?",saya lupa membawa laptop bisa ditunda saja,batal,synthetic
"Saya kehabisan uang, saya tidak bisa membayar biaya servis.",saya kehabisan uang saya tidak bisa membayar biaya servis,batal,synthetic
"Saya nggak bisa datang, bisa dijadwalkan untuk lain kali?",saya nggak bisa datang bisa dijadwalkan untuk lain kali,batal,synthetic
"Saya ada kesalahan, saya tidak perlu servis komputer hari ini.",saya ada kesalahan saya tidak perlu servis komputer hari ini,batal,synthetic
"Saya tidak perlu servis komputer, saya batal.",saya tidak perlu servis komputer saya batal,batal,synthetic
"Saya kehabisan waktu, saya tidak bisa datang hari ini.",saya kehabisan waktu saya tidak bisa datang hari ini,batal,synthetic
"Saya nggak bisa membawa laptop, bisa dikirim saja.",saya nggak bisa membawa laptop bisa dikirim saja,batal,synthetic
"Saya ada hal penting yang harus diselesaikan, saya batal.",saya ada hal penting yang harus diselesaikan saya batal,batal,synthetic
"Saya lupa tanggal servis komputer, kira-kira bisa diubah tanggalnya?",saya lupa tanggal servis komputer kirakira bisa diubah tanggalnya,batal,synthetic
Saya nggak bisa datang karena cuaca buruk.,saya nggak bisa datang karena cuaca buruk,batal,synthetic
"Saya kehabisan uang, saya tidak bisa membayar biaya servis.",saya kehabisan uang saya tidak bisa membayar biaya servis,batal,synthetic
"Saya ada kesalahan, saya tidak perlu servis komputer hari ini.",saya ada kesalahan saya tidak perlu servis komputer hari ini,batal,synthetic
"Saya tidak perlu servis komputer, saya batal.",saya tidak perlu servis komputer saya batal,batal,synthetic
"Saya nggak bisa datang, bisa dijadwalkan untuk lain kali?",saya nggak bisa datang bisa dijadwalkan untuk lain kali,batal,synthetic
"Saya lupa membawa laptop, bisa ditunda saja?",saya lupa membawa laptop bisa ditunda saja,batal,synthetic
"Saya kehabisan waktu, saya tidak bisa datang hari ini.",saya kehabisan waktu saya tidak bisa datang hari ini,batal,synthetic
"Saya nggak bisa membawa laptop, bisa dikirim saja.",saya nggak bisa membawa laptop bisa dikirim saja,batal,synthetic
"Saya ada hal penting yang harus diselesaikan, saya batal.",saya ada hal penting yang harus diselesaikan saya batal,batal,synthetic
"Saya keadaan tidak enak parah, tidak bisa datang.",saya keadaan tidak enak parah tidak bisa datang,batal,synthetic
"Saya pikir ulang, nggak perlu servis komputer hari ini.",saya pikir ulang nggak perlu servis komputer hari ini,batal,synthetic
Saya nggak bisa datang karena cuaca buruk.,saya nggak bisa datang karena cuaca buruk,batal,synthetic
"Saya ada kesalahan, saya tidak perlu servis komputer hari ini.",saya ada kesalahan saya tidak perlu servis komputer hari ini,batal,synthetic
"Saya tidak perlu servis komputer, saya batal.",saya tidak perlu servis komputer saya batal,batal,synthetic
"Saya nggak bisa datang, bisa dijadwalkan untuk lain kali?",saya nggak bisa datang bisa dijadwalkan untuk lain kali,batal,synthetic
"Saya lupa membawa laptop, bisa ditunda saja?",saya lupa membawa laptop bisa ditunda saja,batal,synthetic
"Saya tidak perlu servis komputer, saya batal.",saya tidak perlu servis komputer saya batal,batal,synthetic
"Saya nggak bisa membawa laptop, bisa dikirim saja.",saya nggak bisa membawa laptop bisa dikirim saja,batal,synthetic
"Saya ada hal penting yang harus diselesaikan, saya batal.",saya ada hal penting yang harus diselesaikan saya batal,batal,synthetic
Berikut beberapa contoh kalimat obrolan WhatsApp pelanggan ke tempat servis komputer untuk kategori 'batal':,berikut beberapa contoh kalimat obrolan whatsapp pelanggan ke tempat servis komputer untuk kategori batal,batal,synthetic
"Mohon batal servis komputer saya nanti, saya butuhkan waktu tambahan.",mohon batal servis komputer saya nanti saya butuhkan waktu tambahan,batal,synthetic
Saya minta batalkan servis komputer saya karena saya tidak ada waktu lagi untuk menunggu.,saya minta batalkan servis komputer saya karena saya tidak ada waktu lagi untuk menunggu,batal,synthetic
Mohon batalkan reservasi servis komputer saya nanti.,mohon batalkan reservasi servis komputer saya nanti,batal,synthetic
Saya ingin membatalkan servis komputer saya karena saya tidak suka dengan biaya yang ditawarkan.,saya ingin membatalkan servis komputer saya karena saya tidak suka dengan biaya yang ditawarkan,batal,synthetic
Mohon batal servis komputer saya karena saya tidak membutuhkannya lagi.,mohon batal servis komputer saya karena saya tidak membutuhkannya lagi,batal,synthetic
Saya minta batalkan servis komputer saya karena saya sudah menemukan solusi lain.,saya minta batalkan servis komputer saya karena saya sudah menemukan solusi lain,batal,synthetic
Mohon batal servis komputer saya karena saya tidak ada uang untuk pembayaran.,mohon batal servis komputer saya karena saya tidak ada uang untuk pembayaran,batal,synthetic
Saya ingin membatalkan servis komputer saya karena saya tidak yakin dengan pilihan yang saya buat.,saya ingin membatalkan servis komputer saya karena saya tidak yakin dengan pilihan yang saya buat,batal,synthetic
Mohon batal servis komputer saya karena saya sudah menemukan tempat lain yang lebih baik.,mohon batal servis komputer saya karena saya sudah menemukan tempat lain yang lebih baik,batal,synthetic
Saya minta batalkan servis komputer saya karena saya tidak suka dengan teknisi yang akan menangani saya.,saya minta batalkan servis komputer saya karena saya tidak suka dengan teknisi yang akan menangani saya,batal,synthetic
Mohon batal servis komputer saya karena saya tidak ada waktu untuk menunggu lagi.,mohon batal servis komputer saya karena saya tidak ada waktu untuk menunggu lagi,batal,synthetic
Saya ingin membatalkan servis komputer saya karena saya tidak membutuhkannya lagi.,saya ingin membatalkan servis komputer saya karena saya tidak membutuhkannya lagi,batal,synthetic
Mohon batal servis komputer saya karena saya tidak yakin dengan hasil yang akan didapatkan.,mohon batal servis komputer saya karena saya tidak yakin dengan hasil yang akan didapatkan,batal,synthetic
Saya minta batalkan servis komputer saya karena saya sudah menemukan solusi lain yang lebih baik.,saya minta batalkan servis komputer saya karena saya sudah menemukan solusi lain yang lebih baik,batal,synthetic
Mohon batal servis komputer saya karena saya tidak suka dengan lokasi tempat servis.,mohon batal servis komputer saya karena saya tidak suka dengan lokasi tempat servis,batal,synthetic
Saya ingin membatalkan servis komputer saya karena saya tidak ada uang untuk pembayaran.,saya ingin membatalkan servis komputer saya karena saya tidak ada uang untuk pembayaran,batal,synthetic
Mohon batal servis komputer saya karena saya tidak yakin dengan pilihan yang saya buat.,mohon batal servis komputer saya karena saya tidak yakin dengan pilihan yang saya buat,batal,synthetic
Saya minta batalkan servis komputer saya karena saya tidak suka dengan jadwal yang ditawarkan.,saya minta batalkan servis komputer saya karena saya tidak suka dengan jadwal yang ditawarkan,batal,synthetic
Mohon batal servis komputer saya karena saya tidak ada waktu lagi untuk menunggu.,mohon batal servis komputer saya karena saya tidak ada waktu lagi untuk menunggu,batal,synthetic
Saya ingin membatalkan servis komputer saya karena saya tidak membutuhkannya lagi.,saya ingin membatalkan servis komputer saya karena saya tidak membutuhkannya lagi,batal,synthetic
Mohon batal servis komputer saya karena saya tidak yakin dengan hasil yang akan didapatkan.,mohon batal servis komputer saya karena saya tidak yakin dengan hasil yang akan didapatkan,batal,synthetic
Saya minta batalkan servis komputer saya karena saya sudah menemukan tempat lain yang lebih baik.,saya minta batalkan servis komputer saya karena saya sudah menemukan tempat lain yang lebih baik,batal,synthetic
Mohon batal servis komputer saya karena saya tidak suka dengan teknisi yang akan menangani saya.,mohon batal servis komputer saya karena saya tidak suka dengan teknisi yang akan menangani saya,batal,synthetic
Saya ingin membatalkan servis komputer saya karena saya tidak ada uang untuk pembayaran.,saya ingin membatalkan servis komputer saya karena saya tidak ada uang untuk pembayaran,batal,synthetic
Mohon batal servis komputer saya karena saya tidak yakin dengan pilihan yang saya buat.,mohon batal servis komputer saya karena saya tidak yakin dengan pilihan yang saya buat,batal,synthetic
Saya minta batalkan servis komputer saya karena saya tidak suka dengan lokasi tempat servis.,saya minta batalkan servis komputer saya karena saya tidak suka dengan lokasi tempat servis,batal,synthetic
Mohon batal servis komputer saya karena saya tidak ada waktu lagi untuk menunggu.,mohon batal servis komputer saya karena saya tidak ada waktu lagi untuk menunggu,batal,synthetic
Saya ingin membatalkan servis komputer saya karena saya tidak membutuhkannya lagi.,saya ingin membatalkan servis komputer saya karena saya tidak membutuhkannya lagi,batal,synthetic
Mohon batal servis komputer saya karena saya tidak yakin dengan hasil yang akan didapatkan.,mohon batal servis komputer saya karena saya tidak yakin dengan hasil yang akan didapatkan,batal,synthetic
Saya minta batalkan servis komputer saya karena saya sudah menemukan solusi lain yang lebih baik.,saya minta batalkan servis komputer saya karena saya sudah menemukan solusi lain yang lebih baik,batal,synthetic
Mohon batal servis komputer saya karena saya tidak suka dengan jadwal yang ditawarkan.,mohon batal servis komputer saya karena saya tidak suka dengan jadwal yang ditawarkan,batal,synthetic
Saya mohon maaf tapi saya tidak bisa datang lagi nanti karena ada hal yang tidak terduga.,saya mohon maaf tapi saya tidak bisa datang lagi nanti karena ada hal yang tidak terduga,batal,synthetic
Saya sudah pilih tempat servis lain sekarang jadi tidak perlu lagi datang ke tempat Anda.,saya sudah pilih tempat servis lain sekarang jadi tidak perlu lagi datang ke tempat anda,batal,synthetic
"Saya rasa saya salah pilih waktu, saya akan datang lain kali.",saya rasa saya salah pilih waktu saya akan datang lain kali,batal,synthetic
"Mohon dibantu untuk mengembalikan deposit saya, saya sudah tidak butuh jasa Anda lagi.",mohon dibantu untuk mengembalikan deposit saya saya sudah tidak butuh jasa anda lagi,batal,synthetic
Saya paling tidak bisa datang tadi pagi karena terlambat bangun.,saya paling tidak bisa datang tadi pagi karena terlambat bangun,batal,synthetic
Saya sudah dapat laptop saya dari tempat servis lain dan sudah terisi aplikasi yang dibutuhkan.,saya sudah dapat laptop saya dari tempat servis lain dan sudah terisi aplikasi yang dibutuhkan,batal,synthetic
"Mohon konfirmasi apakah saya sudah membayar sebelumnya tidak, saya sudah tidak ingat lagi.",mohon konfirmasi apakah saya sudah membayar sebelumnya tidak saya sudah tidak ingat lagi,batal,synthetic
"Saya tidak bisa datang hari ini karena kena penyakit, mohon diatasi lain kali.",saya tidak bisa datang hari ini karena kena penyakit mohon diatasi lain kali,batal,synthetic
"Saya rasa saya salah pilih tempat, saya akan mencari tempat servis lain.",saya rasa saya salah pilih tempat saya akan mencari tempat servis lain,batal,synthetic
Mohon saya dihubungi lagi nanti karena saya lupa pertanyaan penting.,mohon saya dihubungi lagi nanti karena saya lupa pertanyaan penting,batal,synthetic
Saya sudah tidak butuh jasa Anda karena saya telah membeli laptop baru.,saya sudah tidak butuh jasa anda karena saya telah membeli laptop baru,batal,synthetic
"Saya rasa saya tidak sengaja membawa salah alamat, mohon diatasi lain kali.",saya rasa saya tidak sengaja membawa salah alamat mohon diatasi lain kali,batal,synthetic
Mohon tolong saya dihubungi setelah saya pulang dari perjalanan.,mohon tolong saya dihubungi setelah saya pulang dari perjalanan,batal,synthetic
Saya tidak bisa datang hari ini karena kena perintah dari atasan.,saya tidak bisa datang hari ini karena kena perintah dari atasan,batal,synthetic
"Saya rasa saya salah pilih waktu, saya akan datang pagi hari lain kali.",saya rasa saya salah pilih waktu saya akan datang pagi hari lain kali,batal,synthetic
Mohon saya diinformasikan tentang kebijakan pengembalian barang.,mohon saya diinformasikan tentang kebijakan pengembalian barang,batal,synthetic
Saya tidak bisa datang sekarang karena saya harus menjawab panggilan penting.,saya tidak bisa datang sekarang karena saya harus menjawab panggilan penting,batal,synthetic
Saya sudah dapat laptop saya dari tempat servis lain dan sudah terisi aplikasi yang dibutuhkan.,saya sudah dapat laptop saya dari tempat servis lain dan sudah terisi aplikasi yang dibutuhkan,batal,synthetic
Saya paling tidak bisa datang pagi ini karena ada keadaan darurat.,saya paling tidak bisa datang pagi ini karena ada keadaan darurat,batal,synthetic
Mohon saya dihubungi lagi nanti karena saya lupa pertanyaan penting.,mohon saya dihubungi lagi nanti karena saya lupa pertanyaan penting,batal,synthetic
"Saya rasa saya salah pilih tempat, saya akan mencari tempat servis lain.",saya rasa saya salah pilih tempat saya akan mencari tempat servis lain,batal,synthetic
Saya tidak bisa datang hari ini karena sedang dalam perjalanan jauh.,saya tidak bisa datang hari ini karena sedang dalam perjalanan jauh,batal,synthetic
Mohon saya diinformasikan tentang cara pembayaran yang lebih mudah.,mohon saya diinformasikan tentang cara pembayaran yang lebih mudah,batal,synthetic
Saya sudah tidak butuh jasa Anda lagi karena saya telah membeli laptop baru.,saya sudah tidak butuh jasa anda lagi karena saya telah membeli laptop baru,batal,synthetic
"Saya rasa saya salah pilih waktu, saya akan datang sore hari lain kali.",saya rasa saya salah pilih waktu saya akan datang sore hari lain kali,batal,synthetic
Mohon tolong saya dihubungi setelah saya pulang dari perjalanan.,mohon tolong saya dihubungi setelah saya pulang dari perjalanan,batal,synthetic
Saya tidak bisa datang hari ini karena sedang sakit.,saya tidak bisa datang hari ini karena sedang sakit,batal,synthetic
Saya sudah dapat laptop saya dari tempat servis lain dan sudah terisi aplikasi yang dibutuhkan.,saya sudah dapat laptop saya dari tempat servis lain dan sudah terisi aplikasi yang dibutuhkan,batal,synthetic
Mohon saya dihubungi lagi nanti karena saya lupa pertanyaan penting.,mohon saya dihubungi lagi nanti karena saya lupa pertanyaan penting,batal,synthetic
"Saya rasa saya salah pilih tempat, saya akan mencari tempat servis lain.",saya rasa saya salah pilih tempat saya akan mencari tempat servis lain,batal,synthetic
Saya tidak bisa datang hari ini karena ada keadaan darurat.,saya tidak bisa datang hari ini karena ada keadaan darurat,batal,synthetic
Mohon saya diinformasikan tentang kebijakan pengembalian barang.,mohon saya diinformasikan tentang kebijakan pengembalian barang,batal,synthetic
Saya tidak bisa datang sekarang karena saya harus menjawab panggilan penting.,saya tidak bisa datang sekarang karena saya harus menjawab panggilan penting,batal,synthetic
Saya sudah dapat laptop saya dari tempat servis lain dan sudah terisi aplikasi yang dibutuhkan.,saya sudah dapat laptop saya dari tempat servis lain dan sudah terisi aplikasi yang dibutuhkan,batal,synthetic
"Saya rasa saya salah pilih waktu, saya akan datang pagi hari lain kali.",saya rasa saya salah pilih waktu saya akan datang pagi hari lain kali,batal,synthetic
Mohon saya dihubungi lagi nanti karena saya lupa pertanyaan penting.,mohon saya dihubungi lagi nanti karena saya lupa pertanyaan penting,batal,synthetic
Saya tidak bisa datang hari ini karena sedang dalam perjalanan jauh.,saya tidak bisa datang hari ini karena sedang dalam perjalanan jauh,batal,synthetic
Mohon saya diinformasikan tentang cara pembayaran yang lebih mudah.,mohon saya diinformasikan tentang cara pembayaran yang lebih mudah,batal,synthetic
Saya sudah tidak butuh jasa Anda lagi karena saya telah membeli laptop baru.,saya sudah tidak butuh jasa anda lagi karena saya telah membeli laptop baru,batal,synthetic
"Saya rasa saya salah pilih waktu, saya akan datang sore hari lain kali.",saya rasa saya salah pilih waktu saya akan datang sore hari lain kali,batal,synthetic
"Kalau besok lagi servis, aku batal yah,",kalau besok lagi servis aku batal yah,batal,synthetic
"Kalau bisa datang ke lokasi aku ya, tidak bisa ke tempat kamu,",kalau bisa datang ke lokasi aku ya tidak bisa ke tempat kamu,batal,synthetic
"Pagi-pagi lagi aku batal servis,",pagipagi lagi aku batal servis,batal,synthetic
"Saya butuh waktu yang lebih lama untuk datang, batal ya,",saya butuh waktu yang lebih lama untuk datang batal ya,batal,synthetic
"Besok keesokan harinya servis aku batal,",besok keesokan harinya servis aku batal,batal,synthetic
"Mohon informasi tentang biaya tambahan ya, aku batal bayar.",mohon informasi tentang biaya tambahan ya aku batal bayar,batal,synthetic
"Saya tidak bisa hadir besok, jadi aku batal,",saya tidak bisa hadir besok jadi aku batal,batal,synthetic
"Saya butuh informasi tentang jadwal yang lebih lengkap, jadi aku batal.",saya butuh informasi tentang jadwal yang lebih lengkap jadi aku batal,batal,synthetic
"Aku tidak bisa datang ke tempat kamu, jadi aku batal,",aku tidak bisa datang ke tempat kamu jadi aku batal,batal,synthetic
Apa ada biaya tambahan yang perlu dibayar?,apa ada biaya tambahan yang perlu dibayar,batal,synthetic
"Keesokan harinya aku pergi ke luar kota, jadi aku batal,",keesokan harinya aku pergi ke luar kota jadi aku batal,batal,synthetic
Kalau bisa kamu mengirimkan instruksi untuk servis sendiri yah.,kalau bisa kamu mengirimkan instruksi untuk servis sendiri yah,batal,synthetic
"Saya belum menyelesaikan tugas, jadi aku batal,",saya belum menyelesaikan tugas jadi aku batal,batal,synthetic
"Saya membutuhkan waktu yang lebih lama untuk datang, jadi aku batal,",saya membutuhkan waktu yang lebih lama untuk datang jadi aku batal,batal,synthetic
"Saya tidak tahu jadwal kamu, jadi aku batal.",saya tidak tahu jadwal kamu jadi aku batal,batal,synthetic
"Keesokan harinya aku pergi ke luar kota, jadi aku batal,",keesokan harinya aku pergi ke luar kota jadi aku batal,batal,synthetic
"Mohon informasi tentang jadwal yang lebih lengkap yah,",mohon informasi tentang jadwal yang lebih lengkap yah,batal,synthetic
"Saya tidak bisa hadir besok, jadi aku batal,",saya tidak bisa hadir besok jadi aku batal,batal,synthetic
Besok aku batal servis!,besok aku batal servis,batal,synthetic
"Kamu bisa datang ke rumah aku ya,",kamu bisa datang ke rumah aku ya,batal,synthetic
"Aku tidak bisa datang ke tempat kamu,",aku tidak bisa datang ke tempat kamu,batal,synthetic
"Saya membutuhkan waktu yang lebih lama untuk datang, batal ya,",saya membutuhkan waktu yang lebih lama untuk datang batal ya,batal,synthetic
"Saya tidak bisa hadir besok, jadi aku batal,",saya tidak bisa hadir besok jadi aku batal,batal,synthetic
"Aku tidak bisa datang ke tempat kamu ya,",aku tidak bisa datang ke tempat kamu ya,batal,synthetic
"Keesokan harinya aku pergi ke luar kota, jadi aku batal,",keesokan harinya aku pergi ke luar kota jadi aku batal,batal,synthetic
"Saya belum menyelesaikan tugas, jadi aku batal,",saya belum menyelesaikan tugas jadi aku batal,batal,synthetic
Saya butuh informasi tentang biaya tambahan apa aja?,saya butuh informasi tentang biaya tambahan apa aja,batal,synthetic
"Saya butuh waktu yang lebih lama untuk datang, jadi aku batal,",saya butuh waktu yang lebih lama untuk datang jadi aku batal,batal,synthetic
"Kamu bisa datang ke rumah aku ya,",kamu bisa datang ke rumah aku ya,batal,synthetic
Besok keesokan harinya aku batal servis!,besok keesokan harinya aku batal servis,batal,synthetic
"Aku tidak bisa datang ke tempat kamu,",aku tidak bisa datang ke tempat kamu,batal,synthetic
"Saya butuh waktu yang lebih lama untuk datang, jadi aku batal,",saya butuh waktu yang lebih lama untuk datang jadi aku batal,batal,synthetic
"Saya tidak bisa hadir besok,",saya tidak bisa hadir besok,batal,synthetic
"Aku batal servis besok,",aku batal servis besok,batal,synthetic
"Saya butuh waktu yang lebih lama untuk datang, jadi aku batal,",saya butuh waktu yang lebih lama untuk datang jadi aku batal,batal,synthetic
"Aku tidak bisa datang ke tempat kamu ya,",aku tidak bisa datang ke tempat kamu ya,batal,synthetic
"Saya perlu membatalkan servis besok,",saya perlu membatalkan servis besok,batal,synthetic
"Kamu bisa datang ke rumah aku ya,",kamu bisa datang ke rumah aku ya,batal,synthetic
"Saya tidak bisa hadir besok, jadi aku batal,",saya tidak bisa hadir besok jadi aku batal,batal,synthetic
"Saya belum menyelesaikan tugas, jadi aku batal,",saya belum menyelesaikan tugas jadi aku batal,batal,synthetic
"Saya ingin membatalkan servis komputer saya, apa yang harus saya lakukan?",saya ingin membatalkan servis komputer saya apa yang harus saya lakukan,batal,synthetic
"Saya tidak bisa datang ke tempat servis hari ini, bisa saya mendapat kembalian duit?",saya tidak bisa datang ke tempat servis hari ini bisa saya mendapat kembalian duit,batal,synthetic
Saya ingin membatalkan pemesanan servis komputer karena saya memutuskan untuk mendatangi tempat servis lain.,saya ingin membatalkan pemesanan servis komputer karena saya memutuskan untuk mendatangi tempat servis lain,batal,synthetic
"Saya tidak ingin jemput komputer saya, bisa saya mengambil diri di tempat servis?",saya tidak ingin jemput komputer saya bisa saya mengambil diri di tempat servis,batal,synthetic
Saya memutuskan untuk membatalkan servis komputer karena saya merasa tidak perlu.,saya memutuskan untuk membatalkan servis komputer karena saya merasa tidak perlu,batal,synthetic
"Saya tidak bisa membayar denda batalkan, bisa saya diskusikan dengan Anda?",saya tidak bisa membayar denda batalkan bisa saya diskusikan dengan anda,batal,synthetic
Saya ingin membatalkan jadwal servis komputer karena saya lupa waktu.,saya ingin membatalkan jadwal servis komputer karena saya lupa waktu,batal,synthetic
"Saya tidak bisa datang ke tempat servis hari ini, saya ingin membatalkan jadwal servis.",saya tidak bisa datang ke tempat servis hari ini saya ingin membatalkan jadwal servis,batal,synthetic
Saya ingin membatalkan servis komputer karena saya memutuskan untuk membeli komputer baru.,saya ingin membatalkan servis komputer karena saya memutuskan untuk membeli komputer baru,batal,synthetic
stju,stju,setuju,synthetic_typo
stuju,stuju,setuju,synthetic_typo
setju,setju,setuju,synthetic_typo
ok,ok,setuju,synthetic_typo
oke,oke,setuju,synthetic_typo
ok bg,ok bg,setuju,synthetic_typo
lanjut,lanjut,setuju,synthetic_typo
lnjt,lnjt,setuju,synthetic_typo
gass,gass,setuju,synthetic_typo
y,y,setuju,synthetic_typo
y bg,y bg,setuju,synthetic_typo
gas,gas,setuju,synthetic_typo
btl,btl,batal,synthetic_typo
batalin,batalin,batal,synthetic_typo
ga jadi,ga jadi,batal,synthetic_typo
gajadi,gajadi,batal,synthetic_typo
gk jd,gk jd,batal,synthetic_typo
gk jdi,gk jdi,batal,synthetic_typo
cancel,cancel,batal,synthetic_typo
cncl,cncl,batal,synthetic_typo
kemahalan,kemahalan,batal,synthetic_typo
mahal,mahal,batal,synthetic_typo
g usah,g usah,batal,synthetic_typo
stju,stju,setuju,synthetic_typo
stuju,stuju,setuju,synthetic_typo
setju,setju,setuju,synthetic_typo
ok,ok,setuju,synthetic_typo
oke,oke,setuju,synthetic_typo
ok bg,ok bg,setuju,synthetic_typo
lanjut,lanjut,setuju,synthetic_typo
lnjt,lnjt,setuju,synthetic_typo
gass,gass,setuju,synthetic_typo
y,y,setuju,synthetic_typo
y bg,y bg,setuju,synthetic_typo
gas,gas,setuju,synthetic_typo
btl,btl,batal,synthetic_typo
batalin,batalin,batal,synthetic_typo
ga jadi,ga jadi,batal,synthetic_typo
gajadi,gajadi,batal,synthetic_typo
gk jd,gk jd,batal,synthetic_typo
gk jdi,gk jdi,batal,synthetic_typo
cancel,cancel,batal,synthetic_typo
cncl,cncl,batal,synthetic_typo
kemahalan,kemahalan,batal,synthetic_typo
mahal,mahal,batal,synthetic_typo
g usah,g usah,batal,synthetic_typo
stju,stju,setuju,synthetic_typo
stuju,stuju,setuju,synthetic_typo
setju,setju,setuju,synthetic_typo
ok,ok,setuju,synthetic_typo
oke,oke,setuju,synthetic_typo
ok bg,ok bg,setuju,synthetic_typo
lanjut,lanjut,setuju,synthetic_typo
lnjt,lnjt,setuju,synthetic_typo
gass,gass,setuju,synthetic_typo
y,y,setuju,synthetic_typo
y bg,y bg,setuju,synthetic_typo
gas,gas,setuju,synthetic_typo
btl,btl,batal,synthetic_typo
batalin,batalin,batal,synthetic_typo
ga jadi,ga jadi,batal,synthetic_typo
gajadi,gajadi,batal,synthetic_typo
gk jd,gk jd,batal,synthetic_typo
gk jdi,gk jdi,batal,synthetic_typo
cancel,cancel,batal,synthetic_typo
cncl,cncl,batal,synthetic_typo
kemahalan,kemahalan,batal,synthetic_typo
mahal,mahal,batal,synthetic_typo
g usah,g usah,batal,synthetic_typo
